BOF Annual Report #,Subject,Proposed By,Action,Subject Details,Sources Cited (Subject),Proposer Details,Sources Cited (Proposer),Recommend Deeper Dive?,Recommendation Reasoning,source_sheet,subject_text,action_text,reasoning_text,proposer_text,status,technology_clusters,primary_cluster,proposer_type,year,is_approved,is_rejected,is_investigating,source_file
BOF.AR.12.1901-1902,"Isham shell and Tuttle thorite, purchase of",Secretary of War,Purchase of Isham shell not recommended at this time; compensation for Dr. Tuttle recommended.,"The Isham shell was an experimental artillery projectile proposed for Army adoption but not approved; Tuttle thorite, an explosive designed by Dr. Horace Tuttle, was deemed worthy of compensation by the Board.",https://www.congress.gov/56/crecb/1900/05/04/GPO-CRECB-1900-pt6-v33-6.pdf and https://patents.google.com/patent/US622479A/en,"The proposal came through the Secretary of War, who forwarded the matter to the Board of Ordnance and Fortification. The Isham shell was attributed to a private inventor (Isham), though little else is documented about his other contributions. The explosive thorite was developed by Dr. Horace Tuttle, an inventor and chemist who filed patents on chemical compounds in the late 19th century. While Tuttle’s name is not well known in later industrial or defense development, his work is an example of private inventors pushing novel explosives to the U.S. military during a period of rapid experimentation. The Board ultimately recommended compensating Dr. Tuttle for his efforts, which shows official acknowledgment of his contribution, even if the technology was not adopted.",https://www.congress.gov/56/crecb/1900/05/04/GPO-CRECB-1900-pt6-v33-6.pdf and https://patents.google.com/patent/US622479A/en,Yes,"This case is valuable because it illustrates the U.S. Army’s engagement with experimental munitions and explosives at a pivotal moment in artillery development. While the Isham shell itself went nowhere, thorite fits into the larger story of high-explosive chemistry",Sheet1,"Isham shell and Tuttle thorite, purchase of",Purchase of Isham shell not recommended at this time; compensation for Dr. Tuttle recommended.,"This case is valuable because it illustrates the U.S. Army’s engagement with experimental munitions and explosives at a pivotal moment in artillery development. While the Isham shell itself went nowhere, thorite fits into the larger story of high-explosive chemistry",Secretary of War,Investigating,['Explosives'],Explosives,Government,1901,0,0,1,Copy of Subjects Considered 1901-1902 .xlsx
BOF.AR.12.1901-1902,"High explosives, all tests of",---- ,"Recommended that they be conducted by the board, as contemplated by law.","High explosives like dynamite, guncotton, and picric acid were being tested to replace black powder with stronger, more reliable charges. The idea was to find a safer and more powerful explosive for artillery and demolition. This was not a foreign import but part of wider experiments happening in Europe at the same time. The Army conducted trials at Sandy Hook, but only TNT went on to be widely adopted later. No surviving “Isham” or thorite shells exist, though reports remain in archives.",https://www.nps.gov/gate/learn/historyculture/shpg.htm,The proposal came from the Board of Ordnance and Fortification itself. The Board’s role was to standardize explosive testing as required by law. This ensured experiments were centralized under the War Department rather than scattered across inventors and posts. The Board later became the key filter for deciding which new explosives merited further investment.,https://www.govinfo.gov/content/pkg/SERIALSET-03725_00_00-019-0021-0000/pdf/SERIALSET-03725_00_00-019-0021-0000.pdf,Yes,This subject shaped the entire Army approach to new explosives and ties U.S. trials to global military innovation.,Sheet1,"High explosives, all tests of","Recommended that they be conducted by the board, as contemplated by law.",This subject shaped the entire Army approach to new explosives and ties U.S. trials to global military innovation.,----,Investigating,[],Other/Unclassified,Private,1901,0,0,1,Copy of Subjects Considered 1901-1902 .xlsx
BOF.AR.12.1901-1902,Test of Bofors gun,---- ,Provision made for.,"U.S. Army made provisions to test a Bofors 40 mm anti-aircraft autocannon in late 1940. This was a foreign design from Sweden, not a domestic invention. The tests aimed to find a more effective medium-caliber AA gun than the standard 37 mm. The Bofors gun was soon tested at Aberdeen and Fort Monroe by Army and Navy officers. It proved superior and eventually became the U.S. standard AA weapon as the 40 mm Automatic Gun M1. Examples exist in historical collections and many remain at military museums.",https://www.ibiblio.org/hyperwar/USN/Admin-Hist/075-Ordnance/075-Ord6R.html,----,----,Yes,"This is a major milestone in U.S. military adoption, moving from 37 mm to the iconic 40 mm Bofors -- connects foreign innovation, inter-service collaboration, and U.S. industrial scaling.",Sheet1,Test of Bofors gun,Provision made for.,"This is a major milestone in U.S. military adoption, moving from 37 mm to the iconic 40 mm Bofors -- connects foreign innovation, inter-service collaboration, and U.S. industrial scaling.",----,Investigating,['Artillery'],Artillery,Private,1901,0,0,1,Copy of Subjects Considered 1901-1902 .xlsx
BOF.AR.12.1901-1902,Gruson turrets,Gruson Iron Works,Filed.,"Gruson Iron Works in Germany produced cast-iron armored turrets—curved, chilled-cast cupolas—for coast-defense fortifications. These rotating turrets enveloped large guns with only small slits for firing. They addressed the problem of protecting artillery crews from high-angle explosive fire.  Few of these structures survive intact; some turreted fortifications exist in Europe, and one converted turret is on display in Fort Dix, New Jersey.",911metallurgist.com/blog/mougin-rotating-turret,"Gruson Iron Works (later part of Krupp after 1892) was a major German armament firm. The U.S.’s role was observational and evaluative—a “filed” entry indicating plans to examine them further, but no procurement followed.",https://militaryhistoria.com/fahrpanzer/,Yes,provides insight into the early U.S. Army’s assessment of European fortification technologies,Sheet1,Gruson turrets,Filed.,provides insight into the early U.S. Army’s assessment of European fortification technologies,Gruson Iron Works,Investigating,[],Other/Unclassified,Government,1901,0,0,1,Copy of Subjects Considered 1901-1902 .xlsx
BOF.AR.12.1901-1902,Electrical firing devices in test of gun,Brown & Munsell,Permission granted to use.,"Brown & Munsell proposed using electrical firing devices for artillery testing, replacing or supplementing mechanical primers. The goal was more precise ignition timing and safer operation during controlled trials. This was a new application of electrical systems, part of wider experimentation in the late 19th–early 20th century. Permission was granted for use, showing the Army’s willingness to trial modern ignition methods. Electrical firing later became standard in naval gunnery and test ranges, though not widely used for field artillery at this time. No surviving “Brown & Munsell” devices are identified, but the concept evolved into modern electronic primers and remote firing circuits.",https://www.usni.org/magazines/proceedings/1894/october/electric-firing-board-ship-electric-primers-and-firing,"Brown & Munsell, an engineering and ordnance contracting firm, submitted the firing devices. Beyond this listing, little is documented about their broader role in ordnance innovation. Their contribution here fits into a wider wave of private firms offering experimental equipment to the Board.",https://www.govinfo.gov/content/pkg/SERIALSET-04496_00_00-068-0245-0000/pdf/SERIALSET-04496_00_00-068-0245-0000.pdf,Yes,"This connects directly to a broader technological shift—electrical firing in heavy guns and test ranges. Even if Brown & Munsell themselves are obscure, the subject ties into the modernization of ordnance practice and later naval/field gunnery.",Sheet1,Electrical firing devices in test of gun,Permission granted to use.,"This connects directly to a broader technological shift—electrical firing in heavy guns and test ranges. Even if Brown & Munsell themselves are obscure, the subject ties into the modernization of ordnance practice and later naval/field gunnery.",Brown & Munsell,Approved,['Artillery'],Artillery,Private,1901,1,0,0,Copy of Subjects Considered 1901-1902 .xlsx
BOF.AR.12.1901-1902,"75 mm. field gun, description of","Vickers, Sons & Maxim",Filed.,"The 75 mm field gun offered by Vickers, Sons & Maxim was a quick-firing artillery piece in the same class as the famous French Canon de 75 modèle 1897. The purpose was to give the U.S. Army access to modern, rapid-fire field artillery with a hydro-pneumatic recoil system that allowed sustained, accurate fire without re-laying the gun. This was a foreign design, imported for evaluation, not an American invention. The Board filed the description, showing interest but not immediate adoption. The U.S. ultimately standardized other models, but trials of 75 mm systems influenced later domestic designs. Surviving examples of Vickers and other foreign 75 mm pieces exist in museums like the U.S. Army Artillery Museum (Fort Sill).",https://www.forgottenweapons.com/a-75mm-maxim-nordenfelt-cannon-and-the-type-30-arisaka/ AND https://en.wikipedia.org/wiki/Canon_de_75_mod%C3%A8le_1897,"Vickers, Sons & Maxim, a British arms manufacturer, was one of the world’s leading producers of artillery and machine guns at the turn of the 20th century. Known for their Maxim machine guns and naval ordnance, they competed globally with Krupp and Schneider. Their submission of a 75 mm gun to the U.S. Army reflects efforts to win export markets during the rapid modernization of artillery.",https://www.crayfordhistory.org.uk/projects/vickers-crayford/history-of-vickers-crayford/vickers-machine-gun-maxim-gun-history,Yes,"The 75 mm caliber became the standard modern field gun size in the early 20th century. Even if this Vickers model was not adopted, studying it alongside French, German, and later U.S. 75 mm systems provides crucial comparative context for understanding artillery modernization.",Sheet1,"75 mm. field gun, description of",Filed.,"The 75 mm caliber became the standard modern field gun size in the early 20th century. Even if this Vickers model was not adopted, studying it alongside French, German, and later U.S. 75 mm systems provides crucial comparative context for understanding artillery modernization.","Vickers, Sons & Maxim",Investigating,['Artillery'],Artillery,Private,1901,0,0,1,Copy of Subjects Considered 1901-1902 .xlsx
BOF.AR.12.1901-1902,Cannon and dirigible torpedo,Georges de Langor,Do.,"This entry refers to an early concept of combining artillery (""cannon"") with an airship-launched torpedo, perhaps a variant of the aerial torpedo or guided munitions developed for dirigibles. The idea was innovative and forward-looking, aiming to extend projectile delivery via airship platforms. Though the U.S. Army filed the proposal, there's no indication it was tested or adopted. This concept aligns with early 20th-century notions of air-to-surface weapon delivery, akin to later experiments in aerial torpedoes. No surviving examples are known.",https://books.google.com/books?hl=en&lr=&id=SGIgDAAAQBAJ&oi=fnd&pg=PA5&dq=Cannon+and+dirigible+torpedo&ots=HFgHdINI-I&sig=oe-XCjAlzLke8k2ieki9cznOtJ0#v=onepage&q=Cannon%20and%20dirigible%20torpedo&f=false,No additional biographical information,,Yes,"This concept is historically intriguing because it intersects early aviation, torpedo technology, and guided weapon philosophy—areas that evolved significantly through WWI and beyond. However, due to the lack of further documentation tied directly to Georges de Langor, deeper investigation may hinge on uncovering related patents, correspondence, or military records.",Sheet1,Cannon and dirigible torpedo,Do.,"This concept is historically intriguing because it intersects early aviation, torpedo technology, and guided weapon philosophy—areas that evolved significantly through WWI and beyond. However, due to the lack of further documentation tied directly to Georges de Langor, deeper investigation may hinge on uncovering related patents, correspondence, or military records.",Georges de Langor,Investigating,"['Artillery', 'Explosives']",Artillery,Private,1901,0,0,1,Copy of Subjects Considered 1901-1902 .xlsx
BOF.AR.12.1901-1902,Wireless telegraphy,L. C. Werner,Not recommended.,"Wireless telegraphy refers to early radio communication by spark-gap transmitters and coherer receivers, pioneered in the 1890s by Guglielmo Marconi, Oliver Lodge, and others. By 1901–1902, armies and navies worldwide were experimenting with this technology for tactical signaling. Werner’s proposal reflects the U.S. Army’s interest in applying wireless to artillery and coastal defense communications. The Board marked it “not recommended”, suggesting his system did not meet performance standards or duplicated other ongoing experiments. Though Werner’s design left no trace, the larger field advanced rapidly: the U.S. Army Signal Corps formally adopted wireless sets beginning in 1902–1903, with systems by Fessenden and De Forest. Surviving examples of early military wireless equipment are preserved in the Smithsonian’s National Museum of American History and the U.S. Army Signal Corps Museum.",https://ethw.org/Wireless_Telegraphy,"L. C. Werner is recorded as submitting a wireless telegraphy scheme to the Board of Ordnance and Fortification. No further archival records, patents, or professional affiliations have been traced under his name, suggesting he was an independent experimenter or small contractor.",,Yes,broader story of how the U.S. evaluated early wireless,Sheet1,Wireless telegraphy,Not recommended.,broader story of how the U.S. evaluated early wireless,L. C. Werner,Investigating,['Communications and Observation'],Communications and Observation,Private,1901,0,0,1,Copy of Subjects Considered 1901-1902 .xlsx
BOF.AR.12.1901-1902,"Brown wire-wound gun, further test",Brown & Munsell,Granted.,"refers to an artillery piece whose barrel was constructed with layers of high-tensile steel wire wound under tension around an inner tube. This method, developed in Britain in the late 19th century (notably by Sir William Armstrong), was designed to strengthen the gun barrel against the immense pressures of firing while reducing overall weight. Brown & Munsell’s submission reflects an American attempt to compete with or adapt this technology.

The entry “further test granted” in the Board of Ordnance and Fortification records (1901–1902) shows that the U.S. was willing to continue evaluating the design after initial trials. However, wire-wound construction never became standard in U.S. service. By the 1910s, built-up guns with autofrettaged monobloc barrels were judged superior, and wire-wound methods were largely abandoned except in Britain.",http://www.navweaps.com/Weapons/WNBR_92-47_mk10.php,Brown & Munsell were American contractors/manufacturers who presented ordnance designs to the Board during this period. Little is recorded about them outside of the BOF listings,,Yes,central to late-Victorian/Edwardian artillery design,Sheet1,"Brown wire-wound gun, further test",Granted.,central to late-Victorian/Edwardian artillery design,Brown & Munsell,Approved,['Artillery'],Artillery,Private,1901,1,0,0,Copy of Subjects Considered 1901-1902 .xlsx
BOF.AR.12.1901-1902,Shields and mounts for 6-pounder guns,Artillery committee,Type adopted.,"The 6-pounder rapid-fire gun was widely used by the U.S. Army and Navy around 1900, both in coast defense and aboard ships. As quick-firing weapons became standard, gunners were increasingly exposed to shrapnel and small-arms fire. To address this, the Artillery Committee reviewed designs for protective shields and revised mounts to absorb recoil and allow more flexible traverse. Shields were a modification of existing systems, following European practice (Krupp and Schneider were already using gun shields). U.S. boards inspected and recommended various shielded mounts for emplacement at coastal batteries and with field detachments. Surviving examples of shielded 6-pounders can be found in U.S. coastal forts and naval museums.",http://www.wwiiequipment.com/index.php?option=com_content&view=article&id=74:6-pounder-anti-tank-gun&catid=40:anti-tank&Itemid=58,"Proposed internally by the Artillery Committee, a body of senior officers tasked with evaluating technical improvements for field and coast artillery.",https://www.nytimes.com/1903/01/21/archives/the-chief-of-artillery.html,Yes,valuable for connecting U.S. practice to wider global trends in artillery protection,Sheet1,Shields and mounts for 6-pounder guns,Type adopted.,valuable for connecting U.S. practice to wider global trends in artillery protection,Artillery committee,Approved,[],Other/Unclassified,Private,1901,1,0,0,Copy of Subjects Considered 1901-1902 .xlsx
BOF.AR.12.1901-1902,"Mauser automatic pistol, further trial of",Capt. Fred. S. Foltz,Filed.,"The Mauser automatic pistol in question was almost certainly the Mauser C96 “Broomhandle”, introduced in 1896. This was one of the first successful semi-automatic pistols, chambered in 7.63×25 mm, with an integral 10-round magazine loaded by stripper clips. The Board of Ordnance and Fortification had already received samples for evaluation, and the note “further trial” indicates continued interest by 1901–1902.",https://archive.org/details/Handguns_of_the_World_Stackpole_Books/page/n1/mode/2up,"Cadet at the Military Academy, July 1, 1875, to June 13, 1879, when he was graduated and promoted in the Army",https://penelope.uchicago.edu/Thayer/E/Gazetteer/Places/America/United_States/Army/USMA/Cullums_Register/2774*.html,Yes,evolution of the U.S. service sidearm,Sheet1,"Mauser automatic pistol, further trial of",Filed.,evolution of the U.S. service sidearm,Capt. Fred. S. Foltz,Investigating,['Small Arms'],Small Arms,Private,1901,0,0,1,Copy of Subjects Considered 1901-1902 .xlsx
BOF.AR.12.1901-1902,War balloon,C. T. Freid,Filed.,"continuing interest in lighter-than-air craft for military reconnaissance and observation at the turn of the 20th century. Balloons had been used in the American Civil War and by European armies (notably France, Germany, and Britain) for artillery spotting and intelligence. By 1901–1902, the U.S. Army Signal Corps was experimenting with captive observation balloons at Fort Myer, while navies abroad explored dirigibles.

Freid’s “war balloon” proposal was filed with the Board but did not result in procurement or testing. It was not a new concept but rather a modification of an established practice. The Army soon shifted attention from balloons to powered dirigibles and then to heavier-than-air craft. Surviving contemporary balloons are preserved in photographs and equipment records at the U.S. Army Signal Corps Museum.",https://media.defense.gov/2010/Nov/04/2001329883/-1/-1/0/AFD-101104-027.pdf,"C. T. Freid submitted the concept to the Board. Beyond the listing in the Serial Set, there is no traceable record of his background in ordnance or aeronautics.",,Yes,balloons were historically important,Sheet1,War balloon,Filed.,balloons were historically important,C. T. Freid,Investigating,[],Other/Unclassified,Private,1901,0,0,1,Copy of Subjects Considered 1901-1902 .xlsx
BOF.AR.12.1901-1902,Armstrong field-gun carriage,Capt. E. L. Zalinski,Filed.,"The Armstrong field-gun carriage referred to a trial of Armstrong, Whitworth & Co. (UK) artillery equipment—part of the global push to modernize field guns with recoil control and improved mobility. Armstrong’s quick-firing carriages incorporated hydro-spring recoil systems and were paired with small-caliber QF guns (6–12 pounders) for use by several European armies. The U.S. Board of Ordnance and Fortification evaluated this carriage to compare it with domestic designs. The action “inspected” suggests the Board examined it but did not adopt it. The U.S. instead developed the 3-inch M1902 field gun, but Armstrong’s designs provided an important benchmark. Surviving Armstrong QF field guns with their carriages are preserved at the Royal Armouries (UK) and in military museums in Japan and Italy.",https://www.nytimes.com/1891/08/14/archives/busy-capt-zalinski-at-work-on-a-telescopic-sight-and-a-new-gun.html,"Capt. Edmund Louis Zalinski (1849–1909), U.S. Army artillery officer and inventor, submitted the Armstrong carriage for Board evaluation. Zalinski was already known for his invention of the pneumatic dynamite gun in the 1880s, which had been deployed in U.S. coastal defenses. By 1901–1902, he served on or consulted with the Board, sponsoring foreign designs for comparative trials. Although the dynamite gun was later declared obsolete, Zalinski remained an influential figure in experimental ordnance.",https://www.shapell.org/historical-perspectives/shapell-roster-articles/edmund-louis-gray-zalinski-soldier-scholar-inventor/,Yes,how the U.S. benchmarked its artillery against leading foreign manufacturers,Sheet1,Armstrong field-gun carriage,Filed.,how the U.S. benchmarked its artillery against leading foreign manufacturers,Capt. E. L. Zalinski,Investigating,['Artillery'],Artillery,Private,1901,0,0,1,Copy of Subjects Considered 1901-1902 .xlsx
BOF.AR.12.1901-1902,Howell gun carriage,---- ,Removal authorized.,"The term “Howell gun carriage” does not appear in official military records or ordnance histories, suggesting it may refer to a short-lived or unofficial prototype. The fact that its removal was authorized in 1901–1902 suggests it had either become obsolete, was never adopted widely, or failed to meet evolving standards for field or coastal artillery.

",https://en.wikipedia.org/wiki/Gun_carriage,--,--,No,No documentation found; likely obscure or unrecorded,Sheet1,Howell gun carriage,Removal authorized.,No documentation found; likely obscure or unrecorded,----,Approved,['Artillery'],Artillery,Private,1901,1,0,0,Copy of Subjects Considered 1901-1902 .xlsx
BOF.AR.12.1901-1902,Pneumatic gun carriage,Pneumatic Gun Carriage and Power Co.,Additional test rounds furnished.,"Experimental artillery mounting powered by compressed air, developed in the late 1880s and 1890s as part of trials to apply pneumatic systems to naval and turret machinery. These systems were largely experimental and did not see wide adoption. No known extant examples of a pneumatic gun carriage remain in museums or archives (the concept evolved into conventional hydro-pneumatic recoil systems used in later artillery)",https://www.nytimes.com/1889/03/07/archives/the-pneumatic-gun-carriage.html,"late-19th-century American arms manufacturer incorporated in West Virginia in 1897 with a capital stock of one million dollars, divided into 100,000 shares at ten dollars each. The firm sought to commercialize experimental artillery carriages that employed compressed air (pneumatic power) to manage recoil and improve firing stability, a concept closely related to contemporary “dynamite gun” experiments pioneered by Edmund Zalinski. The company raised funds through stock offerings, as shown by surviving share certificates, and presented its designs for Army testing in the early 1900s. ",https://www.ebay.com/itm/184053834744,No,"Without verifiable external sources, a deeper dive may yield little. Unless internal archival materials exist, time may be better spent on better-documented experiments.",Sheet1,Pneumatic gun carriage,Additional test rounds furnished.,"Without verifiable external sources, a deeper dive may yield little. Unless internal archival materials exist, time may be better spent on better-documented experiments.",Pneumatic Gun Carriage and Power Co.,Investigating,['Artillery'],Artillery,Private,1901,0,0,1,Copy of Subjects Considered 1901-1902 .xlsx
BOF.AR.12.1901-1902,Pouch for first-aid packet,Maj. J. Van R. Hoff,Allotment for test.,"A pouch meant to carry the first-aid packet—typically the Carlisle dressing (a linen gauze pad with long tails in a sealed brass casing), standard U.S. Army issue since around 1906. It addressed the need for immediate wound dressing in the field, tied to the broader move from black powder-era logistics to modern battlefield medical readiness. This was a modification of existing medical kit design, not a novel concept or foreign import.",https://en.wikipedia.org/wiki/Field_dressing_%28bandage%29,"Proposed by Maj. J. Van R. Hoff, presumably serving in the U.S. Army Medical Department around the early 1900s. He probably recommended appropriating funds or allotting resources for testing this pouch design.",,No,"medically practical, the pouch itself was an incremental adaptation of existing kits",Sheet1,Pouch for first-aid packet,Allotment for test.,"medically practical, the pouch itself was an incremental adaptation of existing kits",Maj. J. Van R. Hoff,Investigating,[],Other/Unclassified,Private,1901,0,0,1,Copy of Subjects Considered 1901-1902 .xlsx
BOF.AR.12.1901-1902,Mountain gun,Bethlehem Steel Co,Provision made for test.,"A mountain gun is a lightweight artillery piece designed for use in rugged terrain where traditional guns aren’t practical. In this case, Bethlehem Steel Co. developed a 3-inch Mountain Gun, Model of 1917, intended for such conditions. It was a domestic modification tailored to U.S. Army needs. The U.S. Army made provisions to test it, indicating interest—but it did not enter widespread service. A surviving photograph from September 1918 confirms the model existed.",https://www.alamy.com/a-3-mountain-gun-model-of-1917-manufactured-by-bethlehem-steel-company-in-bethlehem-pennsylvania-is-seen-in-this-photograph-the-gun-is-depicted-as-ready-for-action-the-image-is-an-official-release-and-marked-with-the-number-21216-and-pn-728-a-it-was-received-on-september-24-1918-image558088033,"Proposed by Bethlehem Steel Company, a major U.S. arms manufacturer in the early 20th century. They were well-known for producing large-caliber guns, howitzers, and forgings for military use. This mountain gun reflects their efforts to diversify artillery offerings. While Bethlehem Steel had broad influence—e.g., M1902 3-inch seacoast guns and M1908 6-inch howitzers—the mountain gun was a less successful niche instrument.",https://books.google.com/books?id=HoP0s_LmUxgC&dq=bethlehem+iron+company&pg=PA24#v=onepage&q=bethlehem%20iron%20company&f=false,No,"small-scale experiment with limited adoption. Unless further documentation surfaces, it’s probably not worth deep investigation relative to more impactful entries.",Sheet1,Mountain gun,Provision made for test.,"small-scale experiment with limited adoption. Unless further documentation surfaces, it’s probably not worth deep investigation relative to more impactful entries.",Bethlehem Steel Co,Investigating,['Artillery'],Artillery,Private,1901,0,0,1,Copy of Subjects Considered 1901-1902 .xlsx
BOF.AR.12.1901-1902,Bridle bit,Pollock Barber,Not recommended.,"A bridle bit is standard horse tack used to control mounted animals; it’s part of a bridle and typically applies pressure to a horse’s mouth to guide direction and speed. The Army considered purchasing one designed or promoted by Pollock Barber, but ultimately did not recommend it. This would have been a minor modification of existing equestrian equipment, not a new invention or foreign product. Bridle bits were already in common use by this time; many period examples survive in museum collections. No version of Barber’s proposal appears to have been tested or adopted by the U.S. military.",https://en.wikipedia.org/wiki/Curb_bit,"Pollock Barber proposed the bridle bit for consideration—but there’s no further information available on his background, affiliation",,No,low-priority entry,Sheet1,Bridle bit,Not recommended.,low-priority entry,Pollock Barber,Investigating,[],Other/Unclassified,Private,1901,0,0,1,Copy of Subjects Considered 1901-1902 .xlsx
BOF.AR.12.1901-1902,Harbor obstruction,A. M. Duhne,Not recommended.,"This refers to a proposed method or device to block or impede navigation in a harbor, perhaps for defensive, traffic control, or other strategic maritime purposes. Without further documentation, it seems to have been a modification of existing obstruction methods, possibly adapted for local conditions. It was filed—meaning recorded but not pursued, with no indication of military testing or adoption. Many such harbor obstruction schemes existed historically, but none specifically attributed to Duhne appear in surviving collections or reports.",,"A. M. Duhne proposed the harbor obstruction concept. Their identity—whether military engineer, civilian inventor, or consultant—is unknown from available records.",,No,lack of external information and the fact that the proposal went no further than filing,Sheet1,Harbor obstruction,Not recommended.,lack of external information and the fact that the proposal went no further than filing,A. M. Duhne,Investigating,[],Other/Unclassified,Private,1901,0,0,1,Copy of Subjects Considered 1901-1902 .xlsx
BOF.AR.12.1901-1902,Electrical obstruction,Roy C. Jackson,Not recommended.,"It seems conceptually similar to early electrical deterrents or detection systems. Type: an innovative idea, more than just a modification or foreign import. It was merely filed—meaning recorded but not pursued—so there’s no indication of military testing or adoption.",,"Proposed by Roy C. Jackson—but no external information is available on him. It’s unclear whether he was a military officer, engineer, inventor, or civilian consultant. There’s no record of other contributions or innovations tied to his name.",,No,"complete absence of external documentation or surviving examples, plus the proposal not advancing beyond filing",Sheet1,Electrical obstruction,Not recommended.,"complete absence of external documentation or surviving examples, plus the proposal not advancing beyond filing",Roy C. Jackson,Investigating,[],Other/Unclassified,Private,1901,0,0,1,Copy of Subjects Considered 1901-1902 .xlsx
BOF.AR.12.1901-1902,Nonfulminate fuse,Prof. F. Ant. Hubbuch,Not adopted.,"Nonfulminate fuses were proposed as safer, more stable alternatives to traditional mercury fulminate–based detonators, which were highly sensitive to shock and temperature—posing risks during storage, handling, and transport. These newer fuses aimed to replace unstable fulminates with compounds like lead azide or lead styphnate, marking a significant shift in detonation safety. Although Prof. F. Ant. Hubbuch’s design was not adopted, it aligned with a gradual global move toward safer primary explosives—a change that laid the foundation for modern military detonators.",https://en.wikipedia.org/wiki/Detonator,"Prof. F. Ant. Hubbuch appears in Board records as the proposer of a nonfulminate fuse. No further biographical or patent information is currently available, suggesting he may have been an independent researcher or academic whose proposal did not enter broader ordnance documentation.",The BOF’s official listing,No,lack of additional documentation or adoption evidence limits its standalone research value,Sheet1,Nonfulminate fuse,Not adopted.,lack of additional documentation or adoption evidence limits its standalone research value,Prof. F. Ant. Hubbuch,Approved,['Explosives'],Explosives,Private,1901,1,0,0,Copy of Subjects Considered 1901-1902 .xlsx
BOF.AR.12.1901-1902,"""Military gaff""",Thomas Sovy,Not recommended.,"A gaff is ordinarily a hooked pole or implement, often used in sailing or handling. In a military context, Sovy’s “gaff” was likely conceived as a specialized pole-arm or hook device—perhaps for scaling, handling obstacles, or seizing objects in field or naval operations. The Board noted the proposal but marked it “not recommended.” There is no record of tests, adoption, or surviving examples, suggesting it was considered impractical.",https://www.ebay.com/itm/256430738949,"Thomas Sovy is listed only in the BOF records. No archival trace, patent, or professional background is currently identifiable under his name, and this “gaff” seems to have been his only known submission.",,No,one-off invention with no testing or adoption,Sheet1,"""Military gaff""",Not recommended.,one-off invention with no testing or adoption,Thomas Sovy,Investigating,[],Other/Unclassified,Private,1901,0,0,1,Copy of Subjects Considered 1901-1902 .xlsx
BOF.AR.12.1901-1902,Asphyxiating shell,Luis Auban,Not recommended.,"There's no evidence the shell was adopted, tested in the field, or entered production. No surviving examples are known in collections. The concept aligns with early chemical weapons experimentation but did not evolve into a widely used technology, especially as bans soon followed.",,"Proposed by Luis Auban, apparently associated with the American Ordnance Company—likely an inventor or engineer in private industry. His role seems limited to this single proposal, with no broader record of other innovations or lasting influence. The entry merely notes the filing and intent to test without further attribution.",,,,Sheet1,Asphyxiating shell,Not recommended.,nan,Luis Auban,Investigating,['Explosives'],Explosives,Private,1901,0,0,1,Copy of Subjects Considered 1901-1902 .xlsx
BOF.AR.12.1901-1902,Winged projectile,Frank C. Griffith,Not recommended.,"Frank C. Griffith proposed a winged projectile — most likely an early rotating-stabilized shell or aerodynamic munition aiming to improve flight stability and range. This concept was new at the time, not a foreign import or simple adaptation. The Board filed the proposal, indicating official interest but no recorded testing or adoption. No known surviving specimens or documentation outside the Board’s files have been located.",,Frank C. Griffith proposed the winged projectile; no other biographical or professional details are available. No further innovative projects or industrial affiliations are documented for him in publicly accessible records.,,,,Sheet1,Winged projectile,Not recommended.,nan,Frank C. Griffith,Investigating,[],Other/Unclassified,Private,1901,0,0,1,Copy of Subjects Considered 1901-1902 .xlsx
BOF.AR.12.1901-1902,Webbing fasteners,George D. Lamb,Not recommended.,"""Webbing fasteners"" likely refers to hardware components (such as buckles or clips) for securing or adjusting webbing in load-carrying or equipment systems. The proposal appears to be a modification of existing equipment, not a foreign import or completely new invention. T",,"Proposed by George D. Lamb. No additional biographical or professional information is available, and there's no record of related patents or other equipment submissions under his name.",,,,Sheet1,Webbing fasteners,Not recommended.,nan,George D. Lamb,Investigating,[],Other/Unclassified,Private,1901,0,0,1,Copy of Subjects Considered 1901-1902 .xlsx
BOF.AR.12.1901-1902,Hobble for horses,Paul W. Amlie,Not recommended.,"A hobble is a device used to limit an animal’s movement by tethering one or more legs, often used for tying horses securely while allowing limited grazing. This proposal appears to be a modification of existing equipment, not a completely new invention or foreign design. The Board filed the proposal—meaning it was recorded but not approved or tested. There's no evidence of military adoption, testing, or surviving examples tied specifically to Amlie’s design.",,"Paul W. Amlie proposed this particular hobble design, though no other information—such as his background, affiliation, or additional innovations—is publicly available. The filing suggests consideration, but no further development.",,,,Sheet1,Hobble for horses,Not recommended.,nan,Paul W. Amlie,Investigating,[],Other/Unclassified,Private,1901,0,0,1,Copy of Subjects Considered 1901-1902 .xlsx
BOF.AR.12.1901-1902,Duties of the board,---- ,Views presented to Secretary of War.,,,,,,,Sheet1,Duties of the board,Views presented to Secretary of War.,nan,----,Investigating,[],Other/Unclassified,Private,1901,0,0,1,Copy of Subjects Considered 1901-1902 .xlsx
BOF.AR.12.1901-1902,Bore sight,Ordnance Department,Allotment.,"A bore sight aligns a firearm’s barrel axis with its sights before live firing, simplifying zeroing. It’s a standard artillery/training tool, not an invention but a widely adopted U.S. practice. The Ordnance Department allocated funding for its procurement or production—showing official support. Today, bore sighting is common, with optical and laser devices—modern evolution of the same principle.",,"The Ordnance Department itself made the allotment, reflecting its core logistics and procurement role. As the army branch responsible for weapons, ammunition, and related gear, it routinely managed and standardized such tools.",,,,Sheet1,Bore sight,Allotment.,nan,Ordnance Department,Investigating,[],Other/Unclassified,Government,1901,0,0,1,Copy of Subjects Considered 1901-1902 .xlsx
BOF.AR.12.1901-1902,Disbursement of funds by the board,Chief of Ordnance,Recommended.,"This subject concerns the legal and administrative authority of the Board of Ordnance and Fortification to control how congressional appropriations were spent. The issue was how funds for experiments, tests, and purchases of ordnance were to be disbursed. The recommendation was to confirm that the Board—not outside offices—oversaw and directed spending. This was not a new invention but an administrative measure to ensure accountability in ordnance procurement. It shaped how research and testing funds were allocated in the early 1900s.",https://www.govinfo.gov/content/pkg/STATUTE-25/pdf/STATUTE-25-Pg481.pdf,"Proposed by the Chief of Ordnance, the head of the U.S. Army Ordnance Department. At the time, this role was central to managing all Army weapons development, logistics, and supply. The Chief worked closely with the Board but sought to clarify funding channels. The office itself was influential throughout the 19th and 20th centuries in shaping procurement policy.",,,,Sheet1,Disbursement of funds by the board,Recommended.,nan,Chief of Ordnance,Investigating,[],Other/Unclassified,Government,1901,0,0,1,Copy of Subjects Considered 1901-1902 .xlsx
BOF.AR.12.1901-1902,Foreign field artillery material,Foreign manufacturers,Entered in competitive test.,"This refers to the U.S. Army’s examination of foreign-made field artillery pieces, acquired from European manufacturers for study and testing. The purpose was to compare U.S. designs against leading European innovations in quick-firing guns, recoil systems, and carriages. This was not an American invention but direct importation for evaluation. Several foreign guns—especially French and German—were tested by the U.S. in the late 19th and early 20th century. These influenced later domestic models (e.g., adoption of hydro-pneumatic recoil systems). Some examples survive in U.S. military museums and at proving grounds.",https://en.wikipedia.org/wiki/Field_artillery,"Proposed broadly by foreign manufacturers, submitting their artillery designs for consideration. Could have included European firms such as Krupp (Germany), Schneider (France)",,,,Sheet1,Foreign field artillery material,Entered in competitive test.,nan,Foreign manufacturers,Investigating,[],Other/Unclassified,Private,1901,0,0,1,Copy of Subjects Considered 1901-1902 .xlsx
BOF.AR.12.1901-1902,Difference disk,Capt. C. L. Phillips,Not recommended.,lack of information ,,,,,,Sheet1,Difference disk,Not recommended.,nan,Capt. C. L. Phillips,Investigating,[],Other/Unclassified,Private,1901,0,0,1,Copy of Subjects Considered 1901-1902 .xlsx
BOF.AR.12.1901-1902,Canteen,Thos. J. Pratt,Not recommended.,lack of information ,,,,,,Sheet1,Canteen,Not recommended.,nan,Thos. J. Pratt,Investigating,[],Other/Unclassified,Private,1901,0,0,1,Copy of Subjects Considered 1901-1902 .xlsx
BOF.AR.12.1901-1902,Ball-bearing projectile,J. M. Alford,Not recommended.,lack of information ,,,,,,Sheet1,Ball-bearing projectile,Not recommended.,nan,J. M. Alford,Investigating,[],Other/Unclassified,Private,1901,0,0,1,Copy of Subjects Considered 1901-1902 .xlsx
BOF.AR.12.1901-1902,"Military automobile, test",Eisenhuth Horseless Vehicle Co.,Postponed for present.,lack of information ,,,,,,Sheet1,"Military automobile, test",Postponed for present.,nan,Eisenhuth Horseless Vehicle Co.,Investigating,[],Other/Unclassified,Private,1901,0,0,1,Copy of Subjects Considered 1901-1902 .xlsx
BOF.AR.12.1901-1902,Test of mortar fire,---- ,Ordnance Department invited to take advantage of.,lack of information ,,,,,,Sheet1,Test of mortar fire,Ordnance Department invited to take advantage of.,nan,----,Investigating,[],Other/Unclassified,Private,1901,0,0,1,Copy of Subjects Considered 1901-1902 .xlsx
BOF.AR.12.1901-1902,Duties of the board,---- ,Further expression of opinion for information of Secretary of War.,lack of information ,,,,,,Sheet1,Duties of the board,Further expression of opinion for information of Secretary of War.,nan,----,Investigating,[],Other/Unclassified,Private,1901,0,0,1,Copy of Subjects Considered 1901-1902 .xlsx
BOF.AR.12.1901-1902,"Pneumatic gun carriage, final payment",Pneumatic Gun Carriage and Power Co.,Submitted to Secretary of War for decision.,lack of information ,,,,,,Sheet1,"Pneumatic gun carriage, final payment",Submitted to Secretary of War for decision.,nan,Pneumatic Gun Carriage and Power Co.,Investigating,['Artillery'],Artillery,Private,1901,0,0,1,Copy of Subjects Considered 1901-1902 .xlsx
BOF.AR.12.1901-1902,Equipment of type fire command,Chief of Ordnance,Allotment.,lack of information ,,,,,,Sheet1,Equipment of type fire command,Allotment.,nan,Chief of Ordnance,Investigating,[],Other/Unclassified,Government,1901,0,0,1,Copy of Subjects Considered 1901-1902 .xlsx
BOF.AR.12.1901-1902,Canteen,Lanz Manufacturing Co.,Under test.,lack of information ,,,,,,Sheet1,Canteen,Under test.,nan,Lanz Manufacturing Co.,Investigating,[],Other/Unclassified,Private,1901,0,0,1,Copy of Subjects Considered 1901-1902 .xlsx
BOF.AR.12.1901-1902,"Defective war material, information regarding",Board of Ordnance and Fortification,"Requested, but not approved by Secretary of War.",lack of information ,,,,,,Sheet1,"Defective war material, information regarding","Requested, but not approved by Secretary of War.",nan,Board of Ordnance and Fortification,Approved,[],Other/Unclassified,Government,1901,1,0,0,Copy of Subjects Considered 1901-1902 .xlsx
BOF.AR.12.1901-1902,"Shield for 6-pounder gun, weight of",Chief of Ordnance,Referred to artillery committee.,lack of information ,,,,,,Sheet1,"Shield for 6-pounder gun, weight of",Referred to artillery committee.,nan,Chief of Ordnance,Investigating,"['Artillery', 'Armor and Protection']",Artillery,Government,1901,0,0,1,Copy of Subjects Considered 1901-1902 .xlsx
BOF.AR.12.1901-1902,"Hotchkiss 1-pounder automatic gun, test of",do,To be held for competitive test.,lack of information ,,,,,,Sheet1,"Hotchkiss 1-pounder automatic gun, test of",To be held for competitive test.,nan,do,Investigating,['Artillery'],Artillery,Private,1901,0,0,1,Copy of Subjects Considered 1901-1902 .xlsx
BOF.AR.12.1901-1902,Defective shrapnel,Lieut. Fox Connor,Referred to artillery committee for report.,lack of information ,,,,,,Sheet1,Defective shrapnel,Referred to artillery committee for report.,nan,Lieut. Fox Connor,Investigating,[],Other/Unclassified,Private,1901,0,0,1,Copy of Subjects Considered 1901-1902 .xlsx
BOF.AR.12.1901-1902,"Isham shells, interior finish of",I. G. Johnson & Co.,Filed.,"This concerns the interior finish of Isham shells, likely referring to the internal machining or smoothing process intended to improve ballistic consistency and reduce barrel wear. It was a modification to an existing ordnance design, not a foreign import. The Board appears to have made provisions for it, suggesting interest in testing or procurement, though there's no record of adoption, surviving specimens, or evidence the process evolved into another standard.",,"Proposed by I. G. Johnson & Co., likely a contractor or engineering firm specializing in munition finishing or machining. No further information",,,,Sheet1,"Isham shells, interior finish of",Filed.,nan,I. G. Johnson & Co.,Investigating,['Explosives'],Explosives,Private,1901,0,0,1,Copy of Subjects Considered 1901-1902 .xlsx
BOF.AR.12.1901-1902,Gun-testing platform,Chief of Ordnance,Allotment.,lack of information ,,,,,,Sheet1,Gun-testing platform,Allotment.,nan,Chief of Ordnance,Investigating,['Artillery'],Artillery,Government,1901,0,0,1,Copy of Subjects Considered 1901-1902 .xlsx
BOF.AR.12.1901-1902,Field artillery material,Ordnance Department,Entered in competition.,lack of information ,,,,,,Sheet1,Field artillery material,Entered in competition.,nan,Ordnance Department,Investigating,[],Other/Unclassified,Government,1901,0,0,1,Copy of Subjects Considered 1901-1902 .xlsx
BOF.AR.12.1901-1902,Fuses,H. V. C. Keeson,Allotment.,lack of information ,,,,,,Sheet1,Fuses,Allotment.,nan,H. V. C. Keeson,Investigating,[],Other/Unclassified,Private,1901,0,0,1,Copy of Subjects Considered 1901-1902 .xlsx
BOF.AR.12.1901-1902,Artillery officers as representatives of board,---- ,Detail recommended.,lack of information ,,,,,,Sheet1,Artillery officers as representatives of board,Detail recommended.,nan,----,Investigating,[],Other/Unclassified,Private,1901,0,0,1,Copy of Subjects Considered 1901-1902 .xlsx
BOF.AR.12.1901-1902,Field artillery material,American Ordnance Co,Withdraw from competition.,lack of information ,,,,,,Sheet1,Field artillery material,Withdraw from competition.,nan,American Ordnance Co,Investigating,[],Other/Unclassified,Private,1901,0,0,1,Copy of Subjects Considered 1901-1902 .xlsx
BOF.AR.12.1901-1902,"Difference disks, request for purchase of number",Capt. C. L. Phillips,Not in province of board.,lack of information ,,,,,,Sheet1,"Difference disks, request for purchase of number",Not in province of board.,nan,Capt. C. L. Phillips,Investigating,[],Other/Unclassified,Private,1901,0,0,1,Copy of Subjects Considered 1901-1902 .xlsx
BOF.AR.12.1901-1902,"Replotter boards, distribution of",do,To be made by chief of artillery.,lack of information ,,,,,,Sheet1,"Replotter boards, distribution of",To be made by chief of artillery.,nan,do,Investigating,[],Other/Unclassified,Private,1901,0,0,1,Copy of Subjects Considered 1901-1902 .xlsx
BOF.AR.12.1901-1902,"1-pounder automatic gun, request for additional ammunition",S. N. McClean,Not recommended.,lack of information ,,,,,,Sheet1,"1-pounder automatic gun, request for additional ammunition",Not recommended.,nan,S. N. McClean,Investigating,['Artillery'],Artillery,Private,1901,0,0,1,Copy of Subjects Considered 1901-1902 .xlsx
BOF.AR.12.1901-1902,"Bandolier, modification of",Dr. E. T. Gibson,Do.,lack of information ,,,,,,Sheet1,"Bandolier, modification of",Do.,nan,Dr. E. T. Gibson,Investigating,[],Other/Unclassified,Private,1901,0,0,1,Copy of Subjects Considered 1901-1902 .xlsx
BOF.AR.12.1901-1902,Interrupted screw for primer plugs,Col. J. P. Story,General Buffington to investigate.,lack of information ,,,,,,Sheet1,Interrupted screw for primer plugs,General Buffington to investigate.,nan,Col. J. P. Story,Investigating,[],Other/Unclassified,Private,1901,0,0,1,Copy of Subjects Considered 1901-1902 .xlsx
BOF.AR.12.1901-1902,"Canteen filter, new model",Mrs. C. S. Parker,Not recommended.,lack of information ,,,,,,Sheet1,"Canteen filter, new model",Not recommended.,nan,Mrs. C. S. Parker,Investigating,[],Other/Unclassified,Private,1901,0,0,1,Copy of Subjects Considered 1901-1902 .xlsx
BOF.AR.12.1901-1902,Modification of stock of small arm,Dr. Emil Amberg,Do.,lack of information ,,,,,,Sheet1,Modification of stock of small arm,Do.,nan,Dr. Emil Amberg,Investigating,['Small Arms'],Small Arms,Private,1901,0,0,1,Copy of Subjects Considered 1901-1902 .xlsx
BOF.AR.12.1901-1902,Aiming guns at night,"W. B. Sinclair, Jr.",Method not considered practicable.,lack of information ,,,,,,Sheet1,Aiming guns at night,Method not considered practicable.,nan,"W. B. Sinclair, Jr.",Investigating,[],Other/Unclassified,Private,1901,0,0,1,Copy of Subjects Considered 1901-1902 .xlsx
BOF.AR.12.1901-1902,Fixed ammunition,Chas. F. Shedd.,Not recommended.,lack of information ,,,,,,Sheet1,Fixed ammunition,Not recommended.,nan,Chas. F. Shedd.,Investigating,[],Other/Unclassified,Private,1901,0,0,1,Copy of Subjects Considered 1901-1902 .xlsx
BOF.AR.12.1901-1902,Telemeter,E. von Paschwitz,Do.,lack of information ,,,,,,Sheet1,Telemeter,Do.,nan,E. von Paschwitz,Investigating,[],Other/Unclassified,Private,1901,0,0,1,Copy of Subjects Considered 1901-1902 .xlsx
BOF.AR.12.1901-1902,"Gun carriage, description",Chev. E. de Freystadtler,Filed.,lack of information ,,,,,,Sheet1,"Gun carriage, description",Filed.,nan,Chev. E. de Freystadtler,Investigating,['Artillery'],Artillery,Private,1901,0,0,1,Copy of Subjects Considered 1901-1902 .xlsx
BOF.AR.12.1901-1902,"Field gun and carriage, ammunition for test",Capt. I. N. Lewis,Allotment.,lack of information ,,,,,,Sheet1,"Field gun and carriage, ammunition for test",Allotment.,nan,Capt. I. N. Lewis,Investigating,['Artillery'],Artillery,Private,1901,0,0,1,Copy of Subjects Considered 1901-1902 .xlsx
BOF.AR.12.1901-1902,Field artillery material in competitive test,---- ,Inspected by board.,lack of information ,,,,,,Sheet1,Field artillery material in competitive test,Inspected by board.,nan,----,Investigating,[],Other/Unclassified,Private,1901,0,0,1,Copy of Subjects Considered 1901-1902 .xlsx
BOF.AR.12.1901-1902,Program for test of field artillery material,Artillery committee,Adopted.,lack of information ,,,,,,Sheet1,Program for test of field artillery material,Adopted.,nan,Artillery committee,Approved,[],Other/Unclassified,Private,1901,1,0,0,Copy of Subjects Considered 1901-1902 .xlsx
BOF.AR.12.1901-1902,Submission of accounts to Auditor direct,---- ,Recommended by board but not approved by Secretary of War.,lack of information ,,,,,,Sheet1,Submission of accounts to Auditor direct,Recommended by board but not approved by Secretary of War.,nan,----,Approved,[],Other/Unclassified,Private,1901,1,0,0,Copy of Subjects Considered 1901-1902 .xlsx
BOF.AR.12.1901-1902,Explosive cartridge,E. C. Geneux,Not recommended.,lack of information ,,,,,,Sheet1,Explosive cartridge,Not recommended.,nan,E. C. Geneux,Investigating,['Explosives'],Explosives,Private,1901,0,0,1,Copy of Subjects Considered 1901-1902 .xlsx
BOF.AR.12.1901-1902,Gun,Fred Tatum,Not recommended.,lack of information ,,,,,,Sheet1,Gun,Not recommended.,nan,Fred Tatum,Investigating,['Artillery'],Artillery,Private,1901,0,0,1,Copy of Subjects Considered 1901-1902 .xlsx
BOF.AR.12.1901-1902,Ammunition for test of field gun,Bethlehem Steel Co,Allotment.,lack of information ,,,,,,Sheet1,Ammunition for test of field gun,Allotment.,nan,Bethlehem Steel Co,Investigating,['Artillery'],Artillery,Private,1901,0,0,1,Copy of Subjects Considered 1901-1902 .xlsx
BOF.AR.12.1901-1902,Dismounting Howell and pneumatic carriages,Chief of Ordnance,Allotment.,lack of information ,,,,,,Sheet1,Dismounting Howell and pneumatic carriages,Allotment.,nan,Chief of Ordnance,Investigating,[],Other/Unclassified,Government,1901,0,0,1,Copy of Subjects Considered 1901-1902 .xlsx
BOF.AR.12.1901-1902,"Wire-wound gun, repair of",Brown & Munsell,Granted permission.,,,,,,,Sheet1,"Wire-wound gun, repair of",Granted permission.,nan,Brown & Munsell,Approved,['Artillery'],Artillery,Private,1901,1,0,0,Copy of Subjects Considered 1901-1902 .xlsx
BOF.AR.12.1901-1902,Filter and canteen stopper,Hopkins & Hopkins,To ascertain cost.,,,,,,,Sheet1,Filter and canteen stopper,To ascertain cost.,nan,Hopkins & Hopkins,Investigating,[],Other/Unclassified,Private,1901,0,0,1,Copy of Subjects Considered 1901-1902 .xlsx
BOF.AR.12.1901-1902,Voltmeter and ammeter,Louis M. Pignolot,Referred to Chief Signal Officer.,,,,,,,Sheet1,Voltmeter and ammeter,Referred to Chief Signal Officer.,nan,Louis M. Pignolot,Investigating,[],Other/Unclassified,Private,1901,0,0,1,Copy of Subjects Considered 1901-1902 .xlsx
BOF.AR.12.1901-1902,Torpedo system,G. E. Elia,Not recommended.,,,,,,,Sheet1,Torpedo system,Not recommended.,nan,G. E. Elia,Investigating,['Explosives'],Explosives,Private,1901,0,0,1,Copy of Subjects Considered 1901-1902 .xlsx
BOF.AR.12.1901-1902,Ammunition cart,Capt. W. C. Manning,Test witnessed.,,,,,,,Sheet1,Ammunition cart,Test witnessed.,nan,Capt. W. C. Manning,Investigating,[],Other/Unclassified,Private,1901,0,0,1,Copy of Subjects Considered 1901-1902 .xlsx
BOF.AR.12.1901-1902,Brown wire-wound gun,---- ,"Damage to, inspected.",,,,,,,Sheet1,Brown wire-wound gun,"Damage to, inspected.",nan,----,Investigating,['Artillery'],Artillery,Private,1901,0,0,1,Copy of Subjects Considered 1901-1902 .xlsx
BOF.AR.12.1901-1902,Submission of accounts to Auditor,Opinion of civillin member,Recommendation renewed.,,,,,,,Sheet1,Submission of accounts to Auditor,Recommendation renewed.,nan,Opinion of civillin member,Investigating,[],Other/Unclassified,Private,1901,0,0,1,Copy of Subjects Considered 1901-1902 .xlsx
BOF.AR.12.1901-1902,Status of artillery officers at proving ground,---- ,Opinion of board.,,,,,,,Sheet1,Status of artillery officers at proving ground,Opinion of board.,nan,----,Investigating,[],Other/Unclassified,Private,1901,0,0,1,Copy of Subjects Considered 1901-1902 .xlsx
BOF.AR.12.1901-1902,Isham shell,Artillery committee,Further tests.,,,,,,,Sheet1,Isham shell,Further tests.,nan,Artillery committee,Investigating,['Explosives'],Explosives,Private,1901,0,0,1,Copy of Subjects Considered 1901-1902 .xlsx
BOF.AR.12.1901-1902,Ammunition cart,H. F. L. Allen,Allotment.,,,,,,,Sheet1,Ammunition cart,Allotment.,nan,H. F. L. Allen,Investigating,[],Other/Unclassified,Private,1901,0,0,1,Copy of Subjects Considered 1901-1902 .xlsx
BOF.AR.12.1901-1902,"Service of ammunition, competitive test",---- ,Made at Fort Caswell.,,,,,,,Sheet1,"Service of ammunition, competitive test",Made at Fort Caswell.,nan,----,Investigating,[],Other/Unclassified,Private,1901,0,0,1,Copy of Subjects Considered 1901-1902 .xlsx
BOF.AR.12.1901-1902,Smokeless powder,---- ,To be used in all target practice.,,,,,,,Sheet1,Smokeless powder,To be used in all target practice.,nan,----,Investigating,['Explosives'],Explosives,Private,1901,0,0,1,Copy of Subjects Considered 1901-1902 .xlsx
BOF.AR.12.1901-1902,Flexible saddle trees,F. de Thierry,Test recommended.,,,,,,,Sheet1,Flexible saddle trees,Test recommended.,nan,F. de Thierry,Investigating,[],Other/Unclassified,Private,1901,0,0,1,Copy of Subjects Considered 1901-1902 .xlsx
BOF.AR.12.1901-1902,"Condition of modern guns, request for information",---- ,Not approved by Secretary of War.,,,,,,,Sheet1,"Condition of modern guns, request for information",Not approved by Secretary of War.,nan,----,Approved,[],Other/Unclassified,Private,1901,1,0,0,Copy of Subjects Considered 1901-1902 .xlsx
BOF.AR.12.1901-1902,"Mountain gun, request for return of",Bethlehem Steel Co,Approved.,,,,,,,Sheet1,"Mountain gun, request for return of",Approved.,nan,Bethlehem Steel Co,Approved,['Artillery'],Artillery,Private,1901,1,0,0,Copy of Subjects Considered 1901-1902 .xlsx
BOF.AR.12.1901-1902,Ammunition cart,Mrs. W. C. Manning,To be tested in competition.,,,,,,,Sheet1,Ammunition cart,To be tested in competition.,nan,Mrs. W. C. Manning,Investigating,[],Other/Unclassified,Private,1901,0,0,1,Copy of Subjects Considered 1901-1902 .xlsx
BOF.AR.12.1901-1902,Docks for coast defense,F. C. de Pringal,Not recommended.,,,,,,,Sheet1,Docks for coast defense,Not recommended.,nan,F. C. de Pringal,Investigating,[],Other/Unclassified,Private,1901,0,0,1,Copy of Subjects Considered 1901-1902 .xlsx
BOF.AR.12.1901-1902,Method of steady flotation,Wm. E. Murray,Do.,,,,,,,Sheet1,Method of steady flotation,Do.,nan,Wm. E. Murray,Investigating,[],Other/Unclassified,Private,1901,0,0,1,Copy of Subjects Considered 1901-1902 .xlsx
BOF.AR.12.1901-1902,Automatic pistol,Theodore Bergmann,Filed to await result of tests.,,,,,,,Sheet1,Automatic pistol,Filed to await result of tests.,nan,Theodore Bergmann,Investigating,['Small Arms'],Small Arms,Private,1901,0,0,1,Copy of Subjects Considered 1901-1902 .xlsx
BOF.AR.12.1901-1902,Aerial torpedoes,Elmer Gates,Board willing to witness experiments.,,,,,,,Sheet1,Aerial torpedoes,Board willing to witness experiments.,nan,Elmer Gates,Investigating,[],Other/Unclassified,Private,1901,0,0,1,Copy of Subjects Considered 1901-1902 .xlsx
BOF.AR.12.1901-1902,Test of field artillery material,---- ,Program adhered to.,,,,,,,Sheet1,Test of field artillery material,Program adhered to.,nan,----,Investigating,[],Other/Unclassified,Private,1901,0,0,1,Copy of Subjects Considered 1901-1902 .xlsx
BOF.AR.12.1901-1902,Criticism of its actions by members of board,---- ,Opinion of board regarding.,,,,,,,Sheet1,Criticism of its actions by members of board,Opinion of board regarding.,nan,----,Investigating,[],Other/Unclassified,Private,1901,0,0,1,Copy of Subjects Considered 1901-1902 .xlsx
BOF.AR.12.1901-1902,High-explosive shell,W. S. Isham,Further tests.,,,,,,,Sheet1,High-explosive shell,Further tests.,nan,W. S. Isham,Investigating,['Explosives'],Explosives,Private,1901,0,0,1,Copy of Subjects Considered 1901-1902 .xlsx
BOF.AR.12.1901-1902,Protest against limiting number of rounds in competitive test of field artillery material,H. Tauscher,Such number of rounds will be fired as may be necessary.,,,,,,,Sheet1,Protest against limiting number of rounds in competitive test of field artillery material,Such number of rounds will be fired as may be necessary.,nan,H. Tauscher,Investigating,[],Other/Unclassified,Private,1901,0,0,1,Copy of Subjects Considered 1901-1902 .xlsx
BOF.AR.12.1901-1902,Utility of pneumatic dynamite guns,Secretary of War,Form of armament is obsolete.,,,,,,,Sheet1,Utility of pneumatic dynamite guns,Form of armament is obsolete.,nan,Secretary of War,Investigating,[],Other/Unclassified,Government,1901,0,0,1,Copy of Subjects Considered 1901-1902 .xlsx
BOF.AR.12.1901-1902,Mechanical difference chart,Capt. H. E. Cloke,Allotment.,,,,,,,Sheet1,Mechanical difference chart,Allotment.,nan,Capt. H. E. Cloke,Investigating,[],Other/Unclassified,Private,1901,0,0,1,Copy of Subjects Considered 1901-1902 .xlsx
BOF.AR.12.1901-1902,Utility of 15-inch smoothbore guns,Secretary of War,Retained until replaced by modern guns.,,,,,,,Sheet1,Utility of 15-inch smoothbore guns,Retained until replaced by modern guns.,nan,Secretary of War,Investigating,[],Other/Unclassified,Government,1901,0,0,1,Copy of Subjects Considered 1901-1902 .xlsx
BOF.AR.12.1901-1902,Competitive test of field guns,---- ,Board requests further instructions.,,,,,,,Sheet1,Competitive test of field guns,Board requests further instructions.,nan,----,Investigating,[],Other/Unclassified,Private,1901,0,0,1,Copy of Subjects Considered 1901-1902 .xlsx
BOF.AR.12.1901-1902,Telautograph,Gray National Telautograph Co.,Adopted as a type.,,,,,,,Sheet1,Telautograph,Adopted as a type.,nan,Gray National Telautograph Co.,Approved,[],Other/Unclassified,Private,1901,1,0,0,Copy of Subjects Considered 1901-1902 .xlsx
BOF.AR.12.1901-1902,Fuse,B. D. Stevens,Further test not recommended.,,,,,,,Sheet1,Fuse,Further test not recommended.,nan,B. D. Stevens,Investigating,['Explosives'],Explosives,Private,1901,0,0,1,Copy of Subjects Considered 1901-1902 .xlsx
BOF.AR.12.1901-1902,Ammunition for test of 75 mm. field gun,"Vickers, Sons & Maxim",Filed for future consideration.,,,,,,,Sheet1,Ammunition for test of 75 mm. field gun,Filed for future consideration.,nan,"Vickers, Sons & Maxim",Investigating,['Artillery'],Artillery,Private,1901,0,0,1,Copy of Subjects Considered 1901-1902 .xlsx
BOF.AR.12.1901-1902,"""Mob"" or machine gun",R. G. Guptill,Not recommended.,,,,,,,Sheet1,"""Mob"" or machine gun",Not recommended.,nan,R. G. Guptill,Investigating,"['Artillery', 'Small Arms']",Artillery,Private,1901,0,0,1,Copy of Subjects Considered 1901-1902 .xlsx
BOF.AR.12.1901-1902,Method of constructing fortifications,Peter J. Nelson,Not recommended.,,,,,,,Sheet1,Method of constructing fortifications,Not recommended.,nan,Peter J. Nelson,Investigating,[],Other/Unclassified,Private,1901,0,0,1,Copy of Subjects Considered 1901-1902 .xlsx
BOF.AR.12.1901-1902,Blunt-point projectiles,George Edwards,Not recommended.,,,,,,,Sheet1,Blunt-point projectiles,Not recommended.,nan,George Edwards,Investigating,[],Other/Unclassified,Private,1901,0,0,1,Copy of Subjects Considered 1901-1902 .xlsx
BOF.AR.12.1901-1902,Luger automatic pistols,---- ,Further distribution for test.,,,,,,,Sheet1,Luger automatic pistols,Further distribution for test.,nan,----,Investigating,[],Other/Unclassified,Private,1901,0,0,1,Copy of Subjects Considered 1901-1902 .xlsx
BOF.AR.12.1901-1902,Confidential reports of foreign tests,Col. W. R. Livermore,Filed,,,,,,,Sheet1,Confidential reports of foreign tests,Filed,nan,Col. W. R. Livermore,Investigating,[],Other/Unclassified,Private,1901,0,0,1,Copy of Subjects Considered 1901-1902 .xlsx
BOF.AR.12.1901-1902,Commutation of quarters for officers on special duty,---- ,Recommended.,,,,,,,Sheet1,Commutation of quarters for officers on special duty,Recommended.,nan,----,Investigating,[],Other/Unclassified,Private,1901,0,0,1,Copy of Subjects Considered 1901-1902 .xlsx
BOF.AR.12.1901-1902,"Fire control and direction, experiments in",---- ,Allotment.,,,,,,,Sheet1,"Fire control and direction, experiments in",Allotment.,nan,----,Investigating,[],Other/Unclassified,Private,1901,0,0,1,Copy of Subjects Considered 1901-1902 .xlsx
BOF.AR.12.1901-1902,Test of 6-inch rapid-fire gun,"Vickers, Sons & Maxim",Recommended.,,,,,,,Sheet1,Test of 6-inch rapid-fire gun,Recommended.,nan,"Vickers, Sons & Maxim",Investigating,['Artillery'],Artillery,Private,1901,0,0,1,Copy of Subjects Considered 1901-1902 .xlsx
BOF.AR.12.1901-1902,Accuracy test of field guns,---- ,Opinion of board.,,,,,,,Sheet1,Accuracy test of field guns,Opinion of board.,nan,----,Investigating,[],Other/Unclassified,Private,1901,0,0,1,Copy of Subjects Considered 1901-1902 .xlsx
BOF.AR.12.1901-1902,Report of test of mortar fire at Fort Preble,Board of Officers,Printed for confidential distribution.,,,,,,,Sheet1,Report of test of mortar fire at Fort Preble,Printed for confidential distribution.,nan,Board of Officers,Investigating,['Fortification and Engineering'],Fortification and Engineering,Private,1901,0,0,1,Copy of Subjects Considered 1901-1902 .xlsx
BOF.AR.12.1901-1902,Report of experiments with high explosives,Chief of Ordnance,Filed for future consideration.,,,,,,,Sheet1,Report of experiments with high explosives,Filed for future consideration.,nan,Chief of Ordnance,Investigating,[],Other/Unclassified,Government,1901,0,0,1,Copy of Subjects Considered 1901-1902 .xlsx
BOF.AR.12.1901-1902,System of coast defense,Merritt W. Griswold,Filed.,,,,,,,Sheet1,System of coast defense,Filed.,nan,Merritt W. Griswold,Investigating,[],Other/Unclassified,Private,1901,0,0,1,Copy of Subjects Considered 1901-1902 .xlsx
BOF.AR.12.1901-1902,Modification of stock of small arm,Thos. Sheldon,Not recommended.,,,,,,,Sheet1,Modification of stock of small arm,Not recommended.,nan,Thos. Sheldon,Investigating,['Small Arms'],Small Arms,Private,1901,0,0,1,Copy of Subjects Considered 1901-1902 .xlsx
BOF.AR.12.1901-1902,System of throwing nitroglycerin,"Van L. Hampton, for Gilbert Jared",Board does not care to further experiment.,,,,,,,Sheet1,System of throwing nitroglycerin,Board does not care to further experiment.,nan,"Van L. Hampton, for Gilbert Jared",Investigating,[],Other/Unclassified,Private,1901,0,0,1,Copy of Subjects Considered 1901-1902 .xlsx
BOF.AR.12.1901-1902,Range finding,Wm. Lingham,Not recommended.,,,,,,,Sheet1,Range finding,Not recommended.,nan,Wm. Lingham,Investigating,[],Other/Unclassified,Private,1901,0,0,1,Copy of Subjects Considered 1901-1902 .xlsx
BOF.AR.12.1901-1902,System of throwing nitroglycerin,B. C. Pettingell,Board does not care to encourage further investigation.,,,,,,,Sheet1,System of throwing nitroglycerin,Board does not care to encourage further investigation.,nan,B. C. Pettingell,Investigating,[],Other/Unclassified,Private,1901,0,0,1,Copy of Subjects Considered 1901-1902 .xlsx
BOF.AR.12.1901-1902,Device for locating direction of enemy,Edmond Redmond,Not recommended.,,,,,,,Sheet1,Device for locating direction of enemy,Not recommended.,nan,Edmond Redmond,Investigating,[],Other/Unclassified,Private,1901,0,0,1,Copy of Subjects Considered 1901-1902 .xlsx
BOF.AR.12.1901-1902,Cartridge with platinum thread attached,G. H. Modermann,Not recommended.,,,,,,,Sheet1,Cartridge with platinum thread attached,Not recommended.,nan,G. H. Modermann,Investigating,[],Other/Unclassified,Private,1901,0,0,1,Copy of Subjects Considered 1901-1902 .xlsx
BOF.AR.12.1901-1902,Position finding,Sergt. T. C. MacGregor,Not recommended.,,,,,,,Sheet1,Position finding,Not recommended.,nan,Sergt. T. C. MacGregor,Investigating,[],Other/Unclassified,Private,1901,0,0,1,Copy of Subjects Considered 1901-1902 .xlsx
BOF.AR.12.1901-1902,Substitution of representative,---- ,Opinion of board.,,,,,,,Sheet1,Substitution of representative,Opinion of board.,nan,----,Investigating,[],Other/Unclassified,Private,1901,0,0,1,Copy of Subjects Considered 1901-1902 .xlsx
BOF.AR.12.1901-1902,Experimental shields,Bethlehem Steel Co,Board inspects.,,,,,,,Sheet1,Experimental shields,Board inspects.,nan,Bethlehem Steel Co,Investigating,[],Other/Unclassified,Private,1901,0,0,1,Copy of Subjects Considered 1901-1902 .xlsx
BOF.AR.12.1901-1902,"Automatic pistol, new model",Colt's Patent Firearms Manufacturing Co.,Allotment for test.,,,,,,,Sheet1,"Automatic pistol, new model",Allotment for test.,nan,Colt's Patent Firearms Manufacturing Co.,Investigating,['Small Arms'],Small Arms,Private,1901,0,0,1,Copy of Subjects Considered 1901-1902 .xlsx
BOF.AR.12.1901-1902,Skoda field artillery material,Bethlehem Steel Co,Board will test when presented.,,,,,,,Sheet1,Skoda field artillery material,Board will test when presented.,nan,Bethlehem Steel Co,Investigating,[],Other/Unclassified,Private,1901,0,0,1,Copy of Subjects Considered 1901-1902 .xlsx
BOF.AR.12.1901-1902,"Lewis position finder, modifications in",Maj. G. N. Whistler,Allotment.,,,,,,,Sheet1,"Lewis position finder, modifications in",Allotment.,nan,Maj. G. N. Whistler,Investigating,[],Other/Unclassified,Private,1901,0,0,1,Copy of Subjects Considered 1901-1902 .xlsx
BOF.AR.12.1901-1902,Collapsible globe map,O. W. Eaton,Not recommended.,,,,,,,Sheet1,Collapsible globe map,Not recommended.,nan,O. W. Eaton,Investigating,[],Other/Unclassified,Private,1901,0,0,1,Copy of Subjects Considered 1901-1902 .xlsx
BOF.AR.12.1901-1902,Breech-loading gun,James McHale,Not recommended.,,,,,,,Sheet1,Breech-loading gun,Not recommended.,nan,James McHale,Investigating,['Artillery'],Artillery,Private,1901,0,0,1,Copy of Subjects Considered 1901-1902 .xlsx
BOF.AR.12.1901-1902,Sword pistol,H. V. Brandenburg & Co.,Not recommended.,,,,,,,Sheet1,Sword pistol,Not recommended.,nan,H. V. Brandenburg & Co.,Investigating,['Small Arms'],Small Arms,Private,1901,0,0,1,Copy of Subjects Considered 1901-1902 .xlsx
BOF.AR.12.1901-1902,Experimental shields,Bethlehem Steel Co,Board witnesses test.,,,,,,,Sheet1,Experimental shields,Board witnesses test.,nan,Bethlehem Steel Co,Investigating,[],Other/Unclassified,Private,1901,0,0,1,Copy of Subjects Considered 1901-1902 .xlsx
BOF.AR.12.1901-1902,Infantry rifle,J. H. Blake,Will be tested when presented.,,,,,,,Sheet1,Infantry rifle,Will be tested when presented.,nan,J. H. Blake,Investigating,['Small Arms'],Small Arms,Private,1901,0,0,1,Copy of Subjects Considered 1901-1902 .xlsx
BOF.AR.12.1901-1902,Compound accelerating projectile,W. R. Knowles,Not recommended.,,,,,,,Sheet1,Compound accelerating projectile,Not recommended.,nan,W. R. Knowles,Investigating,[],Other/Unclassified,Private,1901,0,0,1,Copy of Subjects Considered 1901-1902 .xlsx
BOF.AR.12.1901-1902,System of mortar construction,A. J. Lindsay,Do.,,,,,,,Sheet1,System of mortar construction,Do.,nan,A. J. Lindsay,Investigating,[],Other/Unclassified,Private,1901,0,0,1,Copy of Subjects Considered 1901-1902 .xlsx
BOF.AR.12.1901-1902,Butt-plate scraper,Edmond Redmond,Do.,,,,,,,Sheet1,Butt-plate scraper,Do.,nan,Edmond Redmond,Investigating,[],Other/Unclassified,Private,1901,0,0,1,Copy of Subjects Considered 1901-1902 .xlsx
BOF.AR.12.1901-1902,Carriage for machine guns,Capt. J. H. Parker,Allotment.,,,,,,,Sheet1,Carriage for machine guns,Allotment.,nan,Capt. J. H. Parker,Investigating,['Artillery'],Artillery,Private,1901,0,0,1,Copy of Subjects Considered 1901-1902 .xlsx
BOF.AR.12.1901-1902,Discontinuance of test of certain field artillery material,Ordnance Board,Approved.,,,,,,,Sheet1,Discontinuance of test of certain field artillery material,Approved.,nan,Ordnance Board,Approved,[],Other/Unclassified,Private,1901,1,0,0,Copy of Subjects Considered 1901-1902 .xlsx
BOF.AR.12.1901-1902,Damage caused by bursting of gun,Chief of Ordnance,Allotment to cover.,,,,,,,Sheet1,Damage caused by bursting of gun,Allotment to cover.,nan,Chief of Ordnance,Investigating,['Artillery'],Artillery,Government,1901,0,0,1,Copy of Subjects Considered 1901-1902 .xlsx
BOF.AR.12.1901-1902,Experiments with live targets,Maj. L. A. La Garde,Allotment.,,,,,,,Sheet1,Experiments with live targets,Allotment.,nan,Maj. L. A. La Garde,Investigating,[],Other/Unclassified,Private,1901,0,0,1,Copy of Subjects Considered 1901-1902 .xlsx
BOF.AR.12.1901-1902,Expenses of inspection of 6-inch gun,Chief of Ordnance,Do.,,,,,,,Sheet1,Expenses of inspection of 6-inch gun,Do.,nan,Chief of Ordnance,Investigating,['Artillery'],Artillery,Government,1901,0,0,1,Copy of Subjects Considered 1901-1902 .xlsx
BOF.AR.12.1901-1902,Disbursements by board,,Renewal of recommendation not approved by Secretary of War.,,,,,,,Sheet1,Disbursements by board,Renewal of recommendation not approved by Secretary of War.,nan,nan,Approved,[],Other/Unclassified,Private,1901,1,0,0,Copy of Subjects Considered 1901-1902 .xlsx
BOF.AR.12.1901-1902,"Bore sight, disposition of",Chief of Ordnance,Sent to Fort Hamilton for test.,,,,,,,Sheet1,"Bore sight, disposition of",Sent to Fort Hamilton for test.,nan,Chief of Ordnance,Investigating,[],Other/Unclassified,Government,1901,0,0,1,Copy of Subjects Considered 1901-1902 .xlsx
BOF.AR.12.1901-1902,"Bore sight, front disk for",G. H. Powell,Allotment.,,,,,,,Sheet1,"Bore sight, front disk for",Allotment.,nan,G. H. Powell,Investigating,[],Other/Unclassified,Private,1901,0,0,1,Copy of Subjects Considered 1901-1902 .xlsx
BOF.AR.12.1901-1902,Shield for rapid fire gun,Bethlehem Steel Co,Do.,,,,,,,Sheet1,Shield for rapid fire gun,Do.,nan,Bethlehem Steel Co,Investigating,"['Artillery', 'Armor and Protection']",Artillery,Private,1901,0,0,1,Copy of Subjects Considered 1901-1902 .xlsx
BOF.AR.12.1901-1902,Report of test of shields,Artillery committee,Accepted.,,,,,,,Sheet1,Report of test of shields,Accepted.,nan,Artillery committee,Approved,[],Other/Unclassified,Private,1901,1,0,0,Copy of Subjects Considered 1901-1902 .xlsx
BOF.AR.12.1901-1902,Armorl system of wireless telegraph,Torpedo board,Investigated and not recommended.,,,,,,,Sheet1,Armorl system of wireless telegraph,Investigated and not recommended.,nan,Torpedo board,Investigating,['Communications and Observation'],Communications and Observation,Private,1901,0,0,1,Copy of Subjects Considered 1901-1902 .xlsx
BOF.AR.12.1901-1902,Adoption of type,Chief Signal Officer,Opinion of meaning.,,,,,,,Sheet1,Adoption of type,Opinion of meaning.,nan,Chief Signal Officer,Investigating,[],Other/Unclassified,Private,1901,0,0,1,Copy of Subjects Considered 1901-1902 .xlsx
BOF.AR.12.1901-1902,Enameled canteen,Dubuque Enameling Co.,Tested and not recommended.,,,,,,,Sheet1,Enameled canteen,Tested and not recommended.,nan,Dubuque Enameling Co.,Investigating,[],Other/Unclassified,Private,1901,0,0,1,Copy of Subjects Considered 1901-1902 .xlsx
BOF.AR.12.1901-1902,Twin-buckle cincha,Hugo Doebler,Do.,,,,,,,Sheet1,Twin-buckle cincha,Do.,nan,Hugo Doebler,Investigating,[],Other/Unclassified,Private,1901,0,0,1,Copy of Subjects Considered 1901-1902 .xlsx
BOF.AR.12.1901-1902,Modified service rifle,Col. F. H. Phipps,Allotment for test.,,,,,,,Sheet1,Modified service rifle,Allotment for test.,nan,Col. F. H. Phipps,Investigating,['Small Arms'],Small Arms,Private,1901,0,0,1,Copy of Subjects Considered 1901-1902 .xlsx
BOF.AR.12.1901-1902,Blanket roll strap,J. H. Tabler,Adopted as type.,,,,,,,Sheet1,Blanket roll strap,Adopted as type.,nan,J. H. Tabler,Approved,[],Other/Unclassified,Private,1901,1,0,0,Copy of Subjects Considered 1901-1902 .xlsx
BOF.AR.12.1901-1902,"Bofors cast-steel gun, test",Commander Gustaf Wahlberg,Recommended.,,,,,,,Sheet1,"Bofors cast-steel gun, test",Recommended.,nan,Commander Gustaf Wahlberg,Investigating,['Artillery'],Artillery,Private,1901,0,0,1,Copy of Subjects Considered 1901-1902 .xlsx
BOF.AR.12.1901-1902,Combination knife bayonet and intrenching tool,---- ,Not recommended.,,,,,,,Sheet1,Combination knife bayonet and intrenching tool,Not recommended.,nan,----,Investigating,[],Other/Unclassified,Private,1901,0,0,1,Copy of Subjects Considered 1901-1902 .xlsx
BOF.AR.12.1901-1902,Clip for magazine rifle,Mr. Parkhurst,Do.,,,,,,,Sheet1,Clip for magazine rifle,Do.,nan,Mr. Parkhurst,Investigating,['Small Arms'],Small Arms,Private,1901,0,0,1,Copy of Subjects Considered 1901-1902 .xlsx
BOF.AR.12.1901-1902,Noncorrosive metal bits,Popes Island Manufacturing Corporation,Tested and not recommended.,,,,,,,Sheet1,Noncorrosive metal bits,Tested and not recommended.,nan,Popes Island Manufacturing Corporation,Investigating,[],Other/Unclassified,Private,1901,0,0,1,Copy of Subjects Considered 1901-1902 .xlsx
BOF.AR.12.1901-1902,Report on test of service of ammunition,"Commanding officer, Fort Caswell",Referred to Chief of Ordnance.,,,,,,,Sheet1,Report on test of service of ammunition,Referred to Chief of Ordnance.,nan,"Commanding officer, Fort Caswell",Investigating,[],Other/Unclassified,Government,1901,0,0,1,Copy of Subjects Considered 1901-1902 .xlsx
BOF.AR.12.1901-1902,Intrenching tool,J. D. Rhodes,Not recommended.,,,,,,,Sheet1,Intrenching tool,Not recommended.,nan,J. D. Rhodes,Investigating,[],Other/Unclassified,Private,1901,0,0,1,Copy of Subjects Considered 1901-1902 .xlsx
BOF.AR.12.1901-1902,Report on Phillips replotting board,Col. D. H. Kinzie,Filed.,,,,,,,Sheet1,Report on Phillips replotting board,Filed.,nan,Col. D. H. Kinzie,Investigating,[],Other/Unclassified,Private,1901,0,0,1,Copy of Subjects Considered 1901-1902 .xlsx
BOF.AR.12.1901-1902,"Prentiss dial telegraph, disposition of",Chief of Ordnance,Sent to Fort Wadsworth for test.,,,,,,,Sheet1,"Prentiss dial telegraph, disposition of",Sent to Fort Wadsworth for test.,nan,Chief of Ordnance,Investigating,['Communications and Observation'],Communications and Observation,Government,1901,0,0,1,Copy of Subjects Considered 1901-1902 .xlsx
BOF.AR.12.1901-1902,"Luger automatic pistol, request for","Lieut R McCleave, Second Infantary",Not approved.,,,,,,,Sheet1,"Luger automatic pistol, request for",Not approved.,nan,"Lieut R McCleave, Second Infantary",Approved,['Small Arms'],Small Arms,Private,1901,1,0,0,Copy of Subjects Considered 1901-1902 .xlsx
BOF.AR.12.1901-1902,"Luger automatic pistol, request for","Capt. S. M. Foote, Artillery Corps.",Approved.,,,,,,,Sheet1,"Luger automatic pistol, request for",Approved.,nan,"Capt. S. M. Foote, Artillery Corps.",Approved,['Small Arms'],Small Arms,Private,1901,1,0,0,Copy of Subjects Considered 1901-1902 .xlsx
BOF.AR.12.1901-1902,"Galvanometers, disposition",Capt. S. E. Allen,Sent to posts.,,,,,,,Sheet1,"Galvanometers, disposition",Sent to posts.,nan,Capt. S. E. Allen,Investigating,[],Other/Unclassified,Private,1901,0,0,1,Copy of Subjects Considered 1901-1902 .xlsx
BOF.AR.12.1901-1902,"Smokeless powder, test of",G. W. Lindsey,Information furnished.,,,,,,,Sheet1,"Smokeless powder, test of",Information furnished.,nan,G. W. Lindsey,Investigating,['Explosives'],Explosives,Private,1901,0,0,1,Copy of Subjects Considered 1901-1902 .xlsx
BOF.AR.12.1901-1902,Taper roller bearing,Wright Taper Roller Bearing Co.,Not recommended.,,,,,,,Sheet1,Taper roller bearing,Not recommended.,nan,Wright Taper Roller Bearing Co.,Investigating,[],Other/Unclassified,Private,1901,0,0,1,Copy of Subjects Considered 1901-1902 .xlsx
BOF.AR.12.1901-1902,Electric tide gauge,Sergt. Ernest Dieckhoff,Do.,,,,,,,Sheet1,Electric tide gauge,Do.,nan,Sergt. Ernest Dieckhoff,Investigating,[],Other/Unclassified,Private,1901,0,0,1,Copy of Subjects Considered 1901-1902 .xlsx
BOF.AR.12.1901-1902,Reuling system of fire control,M. de Cannart d'Hamale,Do.,,,,,,,Sheet1,Reuling system of fire control,Do.,nan,M. de Cannart d'Hamale,Investigating,[],Other/Unclassified,Private,1901,0,0,1,Copy of Subjects Considered 1901-1902 .xlsx
BOF.AR.12.1901-1902,"""Range Keeper""",John Dillon,Do.,,,,,,,Sheet1,"""Range Keeper""",Do.,nan,John Dillon,Investigating,[],Other/Unclassified,Private,1901,0,0,1,Copy of Subjects Considered 1901-1902 .xlsx
BOF.AR.12.1901-1902,Carriage for machine guns,M. Curtis,Not recommended.,,,,,,,Sheet1,Carriage for machine guns,Not recommended.,nan,M. Curtis,Investigating,['Artillery'],Artillery,Private,1901,0,0,1,Copy of Subjects Considered 1901-1902 .xlsx
BOF.AR.12.1901-1902,Automatic arm,Stephen E. Bailey,Do.,,,,,,,Sheet1,Automatic arm,Do.,nan,Stephen E. Bailey,Investigating,[],Other/Unclassified,Private,1901,0,0,1,Copy of Subjects Considered 1901-1902 .xlsx
BOF.AR.12.1901-1902,Bofors cast-steel gun,---- ,Allotment for test.,,,,,,,Sheet1,Bofors cast-steel gun,Allotment for test.,nan,----,Investigating,['Artillery'],Artillery,Private,1901,0,0,1,Copy of Subjects Considered 1901-1902 .xlsx
BOF.AR.12.1901-1902,Vickers 6-inch gun,---- ,Do.,,,,,,,Sheet1,Vickers 6-inch gun,Do.,nan,----,Investigating,['Artillery'],Artillery,Private,1901,0,0,1,Copy of Subjects Considered 1901-1902 .xlsx
BOF.AR.12.1901-1902,Experiments in fire control at Fort Wadsworth,Chief of Ordnance,Discontinued.,,,,,,,Sheet1,Experiments in fire control at Fort Wadsworth,Discontinued.,nan,Chief of Ordnance,Investigating,['Fortification and Engineering'],Fortification and Engineering,Government,1901,0,0,1,Copy of Subjects Considered 1901-1902 .xlsx
BOF.AR.12.1901-1902,Installation for fire control at Pensacola,---- ,Allotment.,,,,,,,Sheet1,Installation for fire control at Pensacola,Allotment.,nan,----,Investigating,[],Other/Unclassified,Private,1901,0,0,1,Copy of Subjects Considered 1901-1902 .xlsx
BOF.AR.12.1901-1902,Field gun No. 3,Bethlehem Steel Co,Test discontinued.,,,,,,,Sheet1,Field gun No. 3,Test discontinued.,nan,Bethlehem Steel Co,Investigating,['Artillery'],Artillery,Private,1901,0,0,1,Copy of Subjects Considered 1901-1902 .xlsx
BOF.AR.12.1901-1902,Cartridge box,Dr. Nicola Cerri,Not recommended.,,,,,,,Sheet1,Cartridge box,Not recommended.,nan,Dr. Nicola Cerri,Investigating,[],Other/Unclassified,Private,1901,0,0,1,Copy of Subjects Considered 1901-1902 .xlsx
BOF.AR.12.1901-1902,Ammunition for test of revolver,Col. J. B. Rawles,Recommended.,,,,,,,Sheet1,Ammunition for test of revolver,Recommended.,nan,Col. J. B. Rawles,Investigating,[],Other/Unclassified,Private,1901,0,0,1,Copy of Subjects Considered 1901-1902 .xlsx
BOF.AR.12.1901-1902,"Bofors cast-steel gun, report of test",Artillery officers,Filed.,,,,,,,Sheet1,"Bofors cast-steel gun, report of test",Filed.,nan,Artillery officers,Investigating,['Artillery'],Artillery,Private,1901,0,0,1,Copy of Subjects Considered 1901-1902 .xlsx
BOF.AR.12.1901-1902,Traction engine,Wm. G. Clark,Not recommended.,,,,,,,Sheet1,Traction engine,Not recommended.,nan,Wm. G. Clark,Investigating,[],Other/Unclassified,Private,1901,0,0,1,Copy of Subjects Considered 1901-1902 .xlsx
BOF.AR.12.1901-1902,Railroad mount,Jacob Maumee,Do.,,,,,,,Sheet1,Railroad mount,Do.,nan,Jacob Maumee,Investigating,[],Other/Unclassified,Private,1901,0,0,1,Copy of Subjects Considered 1901-1902 .xlsx
BOF.AR.12.1901-1902,Gathmann system,Secretary of War,Adverse report.,,,,,,,Sheet1,Gathmann system,Adverse report.,nan,Secretary of War,Investigating,[],Other/Unclassified,Government,1901,0,0,1,Copy of Subjects Considered 1901-1902 .xlsx
BOF.AR.12.1901-1902,Under-water fuse,Leopold Julig,Not recommended.,,,,,,,Sheet1,Under-water fuse,Not recommended.,nan,Leopold Julig,Investigating,['Explosives'],Explosives,Private,1901,0,0,1,Copy of Subjects Considered 1901-1902 .xlsx
BOF.AR.12.1901-1902,Range tables,Capt. A. M. Hunter,Publication authorized.,,,,,,,Sheet1,Range tables,Publication authorized.,nan,Capt. A. M. Hunter,Approved,[],Other/Unclassified,Private,1901,1,0,0,Copy of Subjects Considered 1901-1902 .xlsx
BOF.AR.12.1901-1902,Ammunition for test of field guns,Chief of Ordnance,Allotment.,,,,,,,Sheet1,Ammunition for test of field guns,Allotment.,nan,Chief of Ordnance,Investigating,[],Other/Unclassified,Government,1901,0,0,1,Copy of Subjects Considered 1901-1902 .xlsx
BOF.AR.12.1901-1902,Wiring of gun and mortar batteries,do,Do.,,,,,,,Sheet1,Wiring of gun and mortar batteries,Do.,nan,do,Investigating,['Artillery'],Artillery,Private,1901,0,0,1,Copy of Subjects Considered 1901-1902 .xlsx
BOF.AR.12.1901-1902,Ammunition for test of automatic gun,S. N. McClean,Not recommended.,,,,,,,Sheet1,Ammunition for test of automatic gun,Not recommended.,nan,S. N. McClean,Investigating,['Artillery'],Artillery,Private,1901,0,0,1,Copy of Subjects Considered 1901-1902 .xlsx
BOF.AR.12.1901-1902,System of obtaining ranges and information,Charles F. Walter,Do.,,,,,,,Sheet1,System of obtaining ranges and information,Do.,nan,Charles F. Walter,Investigating,[],Other/Unclassified,Private,1901,0,0,1,Copy of Subjects Considered 1901-1902 .xlsx
BOF.AR.12.1901-1902,Rubber-covered bridle bits,Mrs. P. B. Cavender,Do.,,,,,,,Sheet1,Rubber-covered bridle bits,Do.,nan,Mrs. P. B. Cavender,Investigating,[],Other/Unclassified,Private,1901,0,0,1,Copy of Subjects Considered 1901-1902 .xlsx
BOF.AR.12.1901-1902,Submarine mine,Paul Pitz,Do.,,,,,,,Sheet1,Submarine mine,Do.,nan,Paul Pitz,Investigating,['Explosives'],Explosives,Private,1901,0,0,1,Copy of Subjects Considered 1901-1902 .xlsx
BOF.AR.12.1901-1902,"High explosive shell, tests",W. S. Isham,Board witnesses.,,,,,,,Sheet1,"High explosive shell, tests",Board witnesses.,nan,W. S. Isham,Investigating,['Explosives'],Explosives,Private,1901,0,0,1,Copy of Subjects Considered 1901-1902 .xlsx
BOF.AR.12.1901-1902,"Field artillery at Fort Riley, tests of",---- ,Do.,,,,,,,Sheet1,"Field artillery at Fort Riley, tests of",Do.,nan,----,Investigating,['Fortification and Engineering'],Fortification and Engineering,Private,1901,0,0,1,Copy of Subjects Considered 1901-1902 .xlsx
BOF.AR.12.1901-1902,Face-hardened steel shield,Ordnance Department,Allotment.,,,,,,,Sheet1,Face-hardened steel shield,Allotment.,nan,Ordnance Department,Investigating,['Armor and Protection'],Armor and Protection,Government,1901,0,0,1,Copy of Subjects Considered 1901-1902 .xlsx
BOF.AR.12.1901-1902,Comparative test of cemented and noncemented steel plates,do,Do.,,,,,,,Sheet1,Comparative test of cemented and noncemented steel plates,Do.,nan,do,Investigating,[],Other/Unclassified,Private,1901,0,0,1,Copy of Subjects Considered 1901-1902 .xlsx
BOF.AR.12.1901-1902,Experimental material for fire control,do,Do.,,,,,,,Sheet1,Experimental material for fire control,Do.,nan,do,Investigating,[],Other/Unclassified,Private,1901,0,0,1,Copy of Subjects Considered 1901-1902 .xlsx
BOF.AR.12.1901-1902,Expenses of record clerk,Chief of Ordnance,Do.,,,,,,,Sheet1,Expenses of record clerk,Do.,nan,Chief of Ordnance,Investigating,[],Other/Unclassified,Government,1901,0,0,1,Copy of Subjects Considered 1901-1902 .xlsx
BOF.AR.12.1901-1902,Artillery officers at Sandy Hook,---- ,Relieved.,,,,,,,Sheet1,Artillery officers at Sandy Hook,Relieved.,nan,----,Investigating,[],Other/Unclassified,Private,1901,0,0,1,Copy of Subjects Considered 1901-1902 .xlsx
BOF.AR.12.1901-1902,Unexpended balances,---- ,Revoked and made available for other purposes.,,,,,,,Sheet1,Unexpended balances,Revoked and made available for other purposes.,nan,----,Investigating,[],Other/Unclassified,Private,1901,0,0,1,Copy of Subjects Considered 1901-1902 .xlsx
BOF.AR.12.1901-1902,Utility of dynamite gun batteries,Secretary of War,Adverse opinion adhered to.,,,,,,,Sheet1,Utility of dynamite gun batteries,Adverse opinion adhered to.,nan,Secretary of War,Investigating,['Artillery'],Artillery,Government,1901,0,0,1,Copy of Subjects Considered 1901-1902 .xlsx
BOF.AR.12.1901-1902,Mauser automatic pistol,Von Lengerke & Detmold,Further tests not recommended.,,,,,,,Sheet1,Mauser automatic pistol,Further tests not recommended.,nan,Von Lengerke & Detmold,Investigating,['Small Arms'],Small Arms,Private,1901,0,0,1,Copy of Subjects Considered 1901-1902 .xlsx
BOF.AR.12.1901-1902,Long recoil field gun,"Vickers, Sons & Maxim",Purchase not recommended.,,,,,,,Sheet1,Long recoil field gun,Purchase not recommended.,nan,"Vickers, Sons & Maxim",Investigating,['Artillery'],Artillery,Private,1901,0,0,1,Copy of Subjects Considered 1901-1902 .xlsx
BOF.AR.12.1901-1902,Counterpoise for Lewis position,"Capt. Albert Todd, Artillery Corps.",Action deferred.,,,,,,,Sheet1,Counterpoise for Lewis position,Action deferred.,nan,"Capt. Albert Todd, Artillery Corps.",Investigating,[],Other/Unclassified,Private,1901,0,0,1,Copy of Subjects Considered 1901-1902 .xlsx
BOF.AR.12.1901-1902,Counterpoise for Lewis position finder,"Capt. Albert Todd, Artillery Corps.",Action deferred.,,,,,,,Sheet1,Counterpoise for Lewis position finder,Action deferred.,nan,"Capt. Albert Todd, Artillery Corps.",Investigating,[],Other/Unclassified,Private,1901,0,0,1,Copy of Subjects Considered 1901-1902 .xlsx
BOF.AR.12.1901-1902,"Ammunition for experimental purposes, purchase of",S. N. McClean,Do.,,,,,,,Sheet1,"Ammunition for experimental purposes, purchase of",Do.,nan,S. N. McClean,Investigating,[],Other/Unclassified,Private,1901,0,0,1,Copy of Subjects Considered 1901-1902 .xlsx
BOF.AR.12.1901-1902,Automatic rifle-caliber gun,V. P. De Knight Gun Co,Board to examine.,,,,,,,Sheet1,Automatic rifle-caliber gun,Board to examine.,nan,V. P. De Knight Gun Co,Investigating,"['Artillery', 'Small Arms']",Artillery,Private,1901,0,0,1,Copy of Subjects Considered 1901-1902 .xlsx
BOF.AR.12.1901-1902,Canteen filter,"Wm. H. Michael, for R. O. Stebbins",Not recommended.,,,,,,,Sheet1,Canteen filter,Not recommended.,nan,"Wm. H. Michael, for R. O. Stebbins",Investigating,[],Other/Unclassified,Private,1901,0,0,1,Copy of Subjects Considered 1901-1902 .xlsx
BOF.AR.12.1901-1902,Process of hardening malleable iron,Parke E. Shee,Under investigation.,,,,,,,Sheet1,Process of hardening malleable iron,Under investigation.,nan,Parke E. Shee,Investigating,[],Other/Unclassified,Private,1901,0,0,1,Copy of Subjects Considered 1901-1902 .xlsx
BOF.AR.12.1901-1902,Machine gun,McH. Jenkins,Do.,,,,,,,Sheet1,Machine gun,Do.,nan,McH. Jenkins,Investigating,"['Artillery', 'Small Arms']",Artillery,Private,1901,0,0,1,Copy of Subjects Considered 1901-1902 .xlsx
BOF.AR.12.1901-1902,Bullet with thread attached,Janko Kovacevic,Not recommended.,,,,,,,Sheet1,Bullet with thread attached,Not recommended.,nan,Janko Kovacevic,Investigating,[],Other/Unclassified,Private,1901,0,0,1,Copy of Subjects Considered 1901-1902 .xlsx
BOF.AR.12.1901-1902,Device to reduce flash and sound of gun,S. E. Renner,Not recommended.,,,,,,,Sheet1,Device to reduce flash and sound of gun,Not recommended.,nan,S. E. Renner,Investigating,['Artillery'],Artillery,Private,1901,0,0,1,Copy of Subjects Considered 1901-1902 .xlsx
BOF.AR.12.1901-1902,Armored turret,"P. Albertine, attorney for R. Geelhaar",Not recommended.,,,,,,,Sheet1,Armored turret,Not recommended.,nan,"P. Albertine, attorney for R. Geelhaar",Investigating,[],Other/Unclassified,Private,1901,0,0,1,Copy of Subjects Considered 1901-1902 .xlsx
BOF.AR.12.1901-1902,Winged projectile,E. P. Richardson,Not recommended.,,,,,,,Sheet1,Winged projectile,Not recommended.,nan,E. P. Richardson,Investigating,[],Other/Unclassified,Private,1901,0,0,1,Copy of Subjects Considered 1901-1902 .xlsx
BOF.AR.12.1901-1902,Submarine torpedo boat,Alex. Klinger,Not recommended.,,,,,,,Sheet1,Submarine torpedo boat,Not recommended.,nan,Alex. Klinger,Investigating,['Explosives'],Explosives,Private,1901,0,0,1,Copy of Subjects Considered 1901-1902 .xlsx
BOF.AR.12.1901-1902,Aerial inventions,M. J. Bullivant,Not recommended.,,,,,,,Sheet1,Aerial inventions,Not recommended.,nan,M. J. Bullivant,Investigating,[],Other/Unclassified,Private,1901,0,0,1,Copy of Subjects Considered 1901-1902 .xlsx
BOF.AR.12.1901-1902,Dynamite projectile,Friedrich Ebeling,Not recommended.,,,,,,,Sheet1,Dynamite projectile,Not recommended.,nan,Friedrich Ebeling,Investigating,[],Other/Unclassified,Private,1901,0,0,1,Copy of Subjects Considered 1901-1902 .xlsx
BOF.AR.12.1901-1902,Report on aerodrome,S. P. Langley,Filed.,,,,,,,Sheet1,Report on aerodrome,Filed.,nan,S. P. Langley,Investigating,[],Other/Unclassified,Private,1901,0,0,1,Copy of Subjects Considered 1901-1902 .xlsx
