BOF Annual Report #,Subject,Proposed By,Action,Subject Details,Sources Cited (Subject),Proposer Details,Sources Cited (Proposer),Recommend Deeper Dive?,Recommendation Reasoning,Column 1,source_sheet,subject_text,action_text,reasoning_text,proposer_text,status,technology_clusters,primary_cluster,proposer_type,year,is_approved,is_rejected,is_investigating,source_file
BOF.AR.10.1907-1908,Additional allotment for test of portable searchlight,Chief of Engineers,,,,,,N,,,Sheet1,Additional allotment for test of portable searchlight,nan,nan,Chief of Engineers,Investigating,['Fortification and Engineering'],Fortification and Engineering,Private,1907,0,0,1,Copy of Subjects Considered 1907-1908.xlsx
BOF.AR.10.1907-1908,Program for test of McClean 1-pounder gun,Chief of Ordnance,,,,,,N,,,Sheet1,Program for test of McClean 1-pounder gun,nan,nan,Chief of Ordnance,Investigating,['Artillery'],Artillery,Government,1907,0,0,1,Copy of Subjects Considered 1907-1908.xlsx
BOF.AR.10.1907-1908,Program for tests of armor plate,Board of Ordnance and Fortification,,,,,,N,,,Sheet1,Program for tests of armor plate,nan,nan,Board of Ordnance and Fortification,Investigating,['Armor and Protection'],Armor and Protection,Government,1907,0,0,1,Copy of Subjects Considered 1907-1908.xlsx
BOF.AR.10.1907-1908,Gas check platform,P. E. Marroys,,,,,,N,,,Sheet1,Gas check platform,nan,nan,P. E. Marroys,Investigating,[],Other/Unclassified,Private,1907,0,0,1,Copy of Subjects Considered 1907-1908.xlsx
BOF.AR.10.1907-1908,Air ship,H. P. Schiffler,,,,,,N,,,Sheet1,Air ship,nan,nan,H. P. Schiffler,Investigating,[],Other/Unclassified,Private,1907,0,0,1,Copy of Subjects Considered 1907-1908.xlsx
BOF.AR.10.1907-1908,Gas check for projectiles,H. E. Wilhelm,,,,,,N,,,Sheet1,Gas check for projectiles,nan,nan,H. E. Wilhelm,Investigating,[],Other/Unclassified,Private,1907,0,0,1,Copy of Subjects Considered 1907-1908.xlsx
BOF.AR.10.1907-1908,Projectile,August Ordenansky,,,,,,N,,,Sheet1,Projectile,nan,nan,August Ordenansky,Investigating,[],Other/Unclassified,Private,1907,0,0,1,Copy of Subjects Considered 1907-1908.xlsx
BOF.AR.10.1907-1908,Gun muzzle,Elias West,,,,,,N,,,Sheet1,Gun muzzle,nan,nan,Elias West,Investigating,['Artillery'],Artillery,Private,1907,0,0,1,Copy of Subjects Considered 1907-1908.xlsx
BOF.AR.10.1907-1908,Shrapnel,G. F. Braley,,,,,,N,,,Sheet1,Shrapnel,nan,nan,G. F. Braley,Investigating,[],Other/Unclassified,Private,1907,0,0,1,Copy of Subjects Considered 1907-1908.xlsx
BOF.AR.10.1907-1908,Sight for small arms,Sutherland Rifle Sight Co.,,,,,,N,,,Sheet1,Sight for small arms,nan,nan,Sutherland Rifle Sight Co.,Investigating,[],Other/Unclassified,Private,1907,0,0,1,Copy of Subjects Considered 1907-1908.xlsx
BOF.AR.10.1907-1908,Self-registering target,E. E. Connors,,,,,,N,,,Sheet1,Self-registering target,nan,nan,E. E. Connors,Investigating,[],Other/Unclassified,Private,1907,0,0,1,Copy of Subjects Considered 1907-1908.xlsx
BOF.AR.10.1907-1908,Projectile,Albert T. Pattee,,,,,,N,,,Sheet1,Projectile,nan,nan,Albert T. Pattee,Investigating,[],Other/Unclassified,Private,1907,0,0,1,Copy of Subjects Considered 1907-1908.xlsx
BOF.AR.10.1907-1908,Projectile with anhydrous ammonia,William J. Riur,,,,,,N,,,Sheet1,Projectile with anhydrous ammonia,nan,nan,William J. Riur,Investigating,[],Other/Unclassified,Private,1907,0,0,1,Copy of Subjects Considered 1907-1908.xlsx
BOF.AR.10.1907-1908,Electrical cannon,James T. Huchtberger,,,,,,N,,,Sheet1,Electrical cannon,nan,nan,James T. Huchtberger,Investigating,['Artillery'],Artillery,Private,1907,0,0,1,Copy of Subjects Considered 1907-1908.xlsx
BOF.AR.10.1907-1908,Gun mounting and shield,G. E. Brandt,,,,,,N,,,Sheet1,Gun mounting and shield,nan,nan,G. E. Brandt,Investigating,"['Artillery', 'Armor and Protection']",Artillery,Private,1907,0,0,1,Copy of Subjects Considered 1907-1908.xlsx
BOF.AR.10.1907-1908,Shield and fuse,A. G. Holderith,,,,,,N,,,Sheet1,Shield and fuse,nan,nan,A. G. Holderith,Investigating,"['Explosives', 'Armor and Protection']",Explosives,Private,1907,0,0,1,Copy of Subjects Considered 1907-1908.xlsx
BOF.AR.10.1907-1908,Bullet and shell,Joseph Meierstein,,,,,,N,,,Sheet1,Bullet and shell,nan,nan,Joseph Meierstein,Investigating,['Explosives'],Explosives,Private,1907,0,0,1,Copy of Subjects Considered 1907-1908.xlsx
BOF.AR.10.1907-1908,Recoil device for guns,John Von Degner,,,,,,N,,,Sheet1,Recoil device for guns,nan,nan,John Von Degner,Investigating,[],Other/Unclassified,Private,1907,0,0,1,Copy of Subjects Considered 1907-1908.xlsx
BOF.AR.10.1907-1908,"Centrifugal device for throwing high explosives, invented by Russian officer","Maj. W. V. Gilson, military attaché",,"The centrifugal gun was one of a number of different ideas proposed to address the problems of smoke, over-heating, and premature detonation, that were eventually solved by smokeless powder, improved metallurgy, and shock-and-heat stable explosives.The technology involved a revolving disc at fast speeds, replacing gunpowder with the centrifugal force as the energy source for propelling projectiles. Previous American experiments included steam-powered versions tested during the Civil War that could fire 15 rounds in 16 seconds and had a range of a mile.",https://military-history.fandom.com/wiki/Centrifugal_gun ; https://en.wikipedia.org/wiki/Centrifugal_gun ,,,N,,,Sheet1,"Centrifugal device for throwing high explosives, invented by Russian officer",nan,nan,"Maj. W. V. Gilson, military attaché",Investigating,[],Other/Unclassified,Private,1907,0,0,1,Copy of Subjects Considered 1907-1908.xlsx
BOF.AR.10.1907-1908,Bombarding explosive,William J. Greening,,,,,,N,,,Sheet1,Bombarding explosive,nan,nan,William J. Greening,Investigating,['Explosives'],Explosives,Private,1907,0,0,1,Copy of Subjects Considered 1907-1908.xlsx
BOF.AR.10.1907-1908,"Speedfiring gun and smokeless powder device, a Swedish invention","Maj. W. V. Gilson, military attaché",,"Advanced rapid-fire artillery system from Sweden's sophisticated metallurgy industry, likely involving companies like Bofors which was producing innovative weapons systems during this period. Swedish smokeless powder technology was among the world's most advanced, building on Nobel's explosive innovations. The system potentially combined high rate of fire with reduced smoke signature for improved battlefield concealment.",https://en.wikipedia.org/wiki/Smokeless_powder ; https://warfarehistorynetwork.com/article/weapons-the-hand-grenade/,,,N,,,Sheet1,"Speedfiring gun and smokeless powder device, a Swedish invention",nan,nan,"Maj. W. V. Gilson, military attaché",Investigating,"['Artillery', 'Explosives']",Artillery,Private,1907,0,0,1,Copy of Subjects Considered 1907-1908.xlsx
BOF.AR.10.1907-1908,F-po-stilette for gun,Linford H. Upton,,,,,,N,,,Sheet1,F-po-stilette for gun,nan,nan,Linford H. Upton,Investigating,['Artillery'],Artillery,Private,1907,0,0,1,Copy of Subjects Considered 1907-1908.xlsx
BOF.AR.10.1907-1908,Nightlight for gun,Samuel Leith,,,,,,N,,,Sheet1,Nightlight for gun,nan,nan,Samuel Leith,Investigating,['Artillery'],Artillery,Private,1907,0,0,1,Copy of Subjects Considered 1907-1908.xlsx
BOF.AR.10.1907-1908,Riding for guns,L. H. Griggs,,,,,,N,,,Sheet1,Riding for guns,nan,nan,L. H. Griggs,Investigating,[],Other/Unclassified,Private,1907,0,0,1,Copy of Subjects Considered 1907-1908.xlsx
BOF.AR.10.1907-1908,Instructions for test of depression position finders,Chief of Artillery,,,,,,N,,,Sheet1,Instructions for test of depression position finders,nan,nan,Chief of Artillery,Investigating,[],Other/Unclassified,Private,1907,0,0,1,Copy of Subjects Considered 1907-1908.xlsx
BOF.AR.10.1907-1908,Balloon and telescopic,John Houseman and E. G. Anderson,,,,,,N,,,Sheet1,Balloon and telescopic,nan,nan,John Houseman and E. G. Anderson,Investigating,[],Other/Unclassified,Private,1907,0,0,1,Copy of Subjects Considered 1907-1908.xlsx
BOF.AR.10.1907-1908,Safety device for small arms,Robert M. Gardiner,,,,,,N,,,Sheet1,Safety device for small arms,nan,nan,Robert M. Gardiner,Investigating,[],Other/Unclassified,Private,1907,0,0,1,Copy of Subjects Considered 1907-1908.xlsx
BOF.AR.10.1907-1908,Smoke projectile,Capt. W. R. P. French,,,,,,N,,,Sheet1,Smoke projectile,nan,nan,Capt. W. R. P. French,Investigating,[],Other/Unclassified,Private,1907,0,0,1,Copy of Subjects Considered 1907-1908.xlsx
BOF.AR.10.1907-1908,Smokebox wireless control torpedo,Secretary of Navy,,"Revolutionary wireless torpedo control system representing the first practical implementation of beyond-visual-range precision strike capability. The technology used radio frequency signals transmitted through tuned circuits with ""coherer"" technology using metal oxide particles that aligned when receiving radio pulses. Nikola Tesla was actively promoting similar wireless torpedo technology to the U.S. government during this exact period, claiming his systems could carry ""twenty tons of explosive"" with precision control.",https://teslaresearch.jimdofree.com/articles-interviews/tesla-s-wireless-torpedo-new-york-times-march-19-1907/ ; https://onlinebooks.library.upenn.edu/webbin/book/lookupname?key=United+States.+Army.+Ordnance+Dept https://tesla-coil-builder.com/known-tesla-publications/58-tesla-s-wireless-torpedo ; https://usvmyg.org/history-articles/tesla-and-the-first-remote-controlled-boat/,"Victor Howard Metcalf served as Secretary of Navy from December 1906 to November 1908, overseeing the Great White Fleet's historic world cruise. A Yale Law School graduate and former Congressman who had served on the House Naval Affairs Committee, bringing substantial technical background to naval modernization efforts during Theodore Roosevelt's naval expansion program.",https://millercenter.org/president/roosevelt/essays/metcalf-1906-secretary-of-the-navy; https://www.history.navy.mil/content/history/nhhc/browse-by-topic/people/sec-nav/metcalf/victor-metcalf.html; https://en.wikipedia.org/wiki/Victor_H._Metcalf,N,,,Sheet1,Smokebox wireless control torpedo,nan,nan,Secretary of Navy,Investigating,"['Explosives', 'Communications and Observation']",Explosives,Private,1907,0,0,1,Copy of Subjects Considered 1907-1908.xlsx
BOF.AR.10.1907-1908,Projectile,Steve Forman,,,,,,N,,,Sheet1,Projectile,nan,nan,Steve Forman,Investigating,[],Other/Unclassified,Private,1907,0,0,1,Copy of Subjects Considered 1907-1908.xlsx
BOF.AR.10.1907-1908,Airship,S. Vengar,,,,,,N,,,Sheet1,Airship,nan,nan,S. Vengar,Investigating,[],Other/Unclassified,Private,1907,0,0,1,Copy of Subjects Considered 1907-1908.xlsx
BOF.AR.10.1907-1908,Portable observation tower,A. S. Olney,,,,,,N,,,Sheet1,Portable observation tower,nan,nan,A. S. Olney,Investigating,['Communications and Observation'],Communications and Observation,Private,1907,0,0,1,Copy of Subjects Considered 1907-1908.xlsx
BOF.AR.10.1907-1908,Gun and projectile,"William E. Edgette, agent",,,,,,N,,,Sheet1,Gun and projectile,nan,nan,"William E. Edgette, agent",Investigating,['Artillery'],Artillery,Private,1907,0,0,1,Copy of Subjects Considered 1907-1908.xlsx
BOF.AR.10.1907-1908,Further test of subtarget gun machines,Board of Ordnance and Fortification,,,,,,N,,,Sheet1,Further test of subtarget gun machines,nan,nan,Board of Ordnance and Fortification,Investigating,['Artillery'],Artillery,Government,1907,0,0,1,Copy of Subjects Considered 1907-1908.xlsx
BOF.AR.10.1907-1908,Experiments with dirigible balloons,Chief Signal Officer,," Signal Corps Dirigible No. 1 (SC-1) was a sophisticated 96-foot long airship with 19.5-foot diameter and 20,000 cubic feet hydrogen capacity. Built with two layers of silk fabric separated by vulcanized rubber, supported by 30 wooden frames, carrying two-person crew in open spruce gondola. Successfully tested at Fort Myer on August 5, 1908, achieving 19.61 mph average speed and meeting 2-hour endurance requirement, earning Army acceptance for $5,737.50. Represented America's first military investment in powered, steerable aircraft.", https://www.thisdayinaviation.com/tag/signal-corps-dirigible-no-1-sc-1/ ; https://dbpedia.org/page/Signal_Corps_Dirigible_No._1 ; https://www.theworldwar.org/learn/about-wwi/balloons-and-dirigibles-wwi,"Brigadier General James Allen served as Chief Signal Officer from 1906-1913, known as the ""father"" of the U.S. Air Force for establishing the Aeronautical Division on August 1, 1907. West Point graduate (Class of 1872) who distinguished himself during Spanish-American War, championed both aviation and wireless communication technologies that would transform warfare.",https://www.thisdayinaviation.com/tag/brigadier-general-james-allen/ ; https://en.wikipedia.org/wiki/United_States_Army_Signal_Corps ,N,,,Sheet1,Experiments with dirigible balloons,nan,nan,Chief Signal Officer,Investigating,[],Other/Unclassified,Private,1907,0,0,1,Copy of Subjects Considered 1907-1908.xlsx
BOF.AR.10.1907-1908,Wireless telephone experiments,Chief Signal Officer,,"Revolutionary voice communication systems that converted speech to electrical signals, modulated them onto radio frequency carrier waves, and transmitted via antenna networks. Unlike traditional telegraph requiring Morse code, wireless telephone enabled direct voice command and control between headquarters and mobile forces. Technology provided backup communication when wire lines were cut and coordination capabilities for emerging aviation units. Built upon Allen's collaboration with Major George Owen Squier in creating first wireless telegraph link in Western Hemisphere.",http://www.ibiblio.org/pub/academic/history/marshall/military/mil_hist_inst/c/commo3.asc ; https://earlyradiohistory.us/1908uwwt.htm ; https://www.usni.org/magazines/proceedings/1951/february/wireless-warfare-1885-1914,^^^,,Y,Revolutionary military communications technology enabling real-time voice coordination; foundation for modern battlefield command and control systems,,Sheet1,Wireless telephone experiments,nan,Revolutionary military communications technology enabling real-time voice coordination; foundation for modern battlefield command and control systems,Chief Signal Officer,Investigating,['Communications and Observation'],Communications and Observation,Private,1907,0,0,1,Copy of Subjects Considered 1907-1908.xlsx
BOF.AR.10.1907-1908,Aerial navigation,Chief of Ordnance,,,,,,N,,,Sheet1,Aerial navigation,nan,nan,Chief of Ordnance,Investigating,[],Other/Unclassified,Government,1907,0,0,1,Copy of Subjects Considered 1907-1908.xlsx
BOF.AR.10.1907-1908,,Capt. W. R. P. French,,,,,,,,,Sheet1,nan,nan,nan,Capt. W. R. P. French,Investigating,[],Other/Unclassified,Private,1907,0,0,1,Copy of Subjects Considered 1907-1908.xlsx
BOF.AR.10.1907-1908,Searchlight beam as an electrical conductor,Charles R. Butler,,"This concept proposed using a searchlight's intense beam to create an ionized air pathway for conducting electricity. Hypothesis of transmitting high tension currents over a narrow beam of radiant energy ionizing the air and rendering it, in measure, conductive, but according to Tesla: ""the results of tests did not justify the hope of important practical applications in large distance"". The military relevance in 1907-1908 was significant as By 1907 the value of searchlights had become widely recognized. One recent use was to assist attacks by torpedo boats by dazzling gun crews on the ships being attacked.",https://fi.edu/en/science-and-education/collection/case-files/elmer-sperry-electric-searchlight ; https://en.wikipedia.org/wiki/Searchlight ;  https://catalog.hathitrust.org/Record/009006647 https://www.britannica.com/technology/searchlight-lighting,,,Y,Pioneering electrical warfare concept using ionized air as conductive medium; represents early plasma physics applications in military technology,,Sheet1,Searchlight beam as an electrical conductor,nan,Pioneering electrical warfare concept using ionized air as conductive medium; represents early plasma physics applications in military technology,Charles R. Butler,Investigating,['Fortification and Engineering'],Fortification and Engineering,Private,1907,0,0,1,Copy of Subjects Considered 1907-1908.xlsx
BOF.AR.10.1907-1908,Electrically charged wire entanglements,Henry Karman,,"First attempt to weaponize electrical current for area denial warfare, predating electric fence technology by decades. System would use available 110-220V DC military power to electrify barbed wire barriers for perimeter defense of military installations and harbor fortifications. Required sophisticated insulation and power distribution systems with early electrical infrastructure. The concept predated WWI usage, as In 1915, Germany built what was perhaps the first electrified barbed-wire fence to seal off an international boundary: a 125-mile barrier that separated Belgium from the Netherlands. The military had already recognized barbed wire's defensive value - British Army manuals of the 1880s told how to string barbed wire around perimeters and the wicked stuff was used in the Spanish-American, Boer, and Russo-Japanese wars around the turn of the 20th century",https://en.wikipedia.org/wiki/Seacoast_defense_in_the_United_States ; https://www.washingtonpost.com/history/2023/12/09/barbed-wire-us-mexico-border/ ; https://militaryhistorynow.com/2014/01/08/barbed-wire-war-how-one-farmers-innovation-changed-the-battlefield/ ,,,Y, First practical electrical warfare system for area denial; established precedent for electrified military barriers,,Sheet1,Electrically charged wire entanglements,nan,First practical electrical warfare system for area denial; established precedent for electrified military barriers,Henry Karman,Investigating,[],Other/Unclassified,Private,1907,0,0,1,Copy of Subjects Considered 1907-1908.xlsx
BOF.AR.10.1907-1908,Beam projector,G. M. Kendig,,,,,,N,,,Sheet1,Beam projector,nan,nan,G. M. Kendig,Investigating,[],Other/Unclassified,Private,1907,0,0,1,Copy of Subjects Considered 1907-1908.xlsx
BOF.AR.10.1907-1908,Leon-Björkman range finder,G. G. Björkman,,,,,,N,,,Sheet1,Leon-Björkman range finder,nan,nan,G. G. Björkman,Investigating,['Fortification and Engineering'],Fortification and Engineering,Private,1907,0,0,1,Copy of Subjects Considered 1907-1908.xlsx
BOF.AR.10.1907-1908,Aerial navigation,Charles Portry,,,,,,N,,,Sheet1,Aerial navigation,nan,nan,Charles Portry,Investigating,[],Other/Unclassified,Private,1907,0,0,1,Copy of Subjects Considered 1907-1908.xlsx
BOF.AR.10.1907-1908,Blow back gun operated by early range finder,Artillery Board,,,,,,N,,,Sheet1,Blow back gun operated by early range finder,nan,nan,Artillery Board,Investigating,"['Artillery', 'Fortification and Engineering']",Artillery,Private,1907,0,0,1,Copy of Subjects Considered 1907-1908.xlsx
BOF.AR.10.1907-1908,Smoke-producing shell as silencer,Arthur Young,,,,,,N,,,Sheet1,Smoke-producing shell as silencer,nan,nan,Arthur Young,Investigating,['Explosives'],Explosives,Private,1907,0,0,1,Copy of Subjects Considered 1907-1908.xlsx
BOF.AR.10.1907-1908,Breastplate of aluminum shielded grenade,William Hynes,,,,,,N,,,Sheet1,Breastplate of aluminum shielded grenade,nan,nan,William Hynes,Investigating,[],Other/Unclassified,Private,1907,0,0,1,Copy of Subjects Considered 1907-1908.xlsx
BOF.AR.10.1907-1908,Magnetic submarine torpedo,A. R. Coleman,,"This 1907-1908 entry refers to a torpedo using magnetic principles, either for guidance or detonation. This was demonstrated by magnetic influence mines in World War I. The torpedo would be set to run at a depth just beneath the ship, relying on a magnetic exploder to activate at the appropriate time. The concept predated practical magnetic exploders - In June 1922 BuOrd created two parallel projects to develop a magnetic exploder: G-53, using the electric current generated in a coil moving through the earth's magnetic field.",https://en.wikipedia.org/wiki/Torpedo ; https://www.usni.org/magazines/naval-history-magazine/2017/april/armaments-innovations ,,,Y,"Instead of relying on chance collision, this concept introduced the idea of proximity-triggered weapons. This was decades ahead of its time — magnetic influence mines wouldn’t see widespread use until WWII.
",,Sheet1,Magnetic submarine torpedo,nan,"Instead of relying on chance collision, this concept introduced the idea of proximity-triggered weapons. This was decades ahead of its time — magnetic influence mines wouldn’t see widespread use until WWII.",A. R. Coleman,Investigating,['Explosives'],Explosives,Private,1907,0,0,1,Copy of Subjects Considered 1907-1908.xlsx
BOF.AR.10.1907-1908,Specifications for aeroplanes,Committee on Board,,"This 1907-1908 Board entry relates to establishing military requirements for aircraft. In 1907 the U.S. Army established the Aeronautical Division within the Signal Corps and later that year, showed renewed interest in the Wright brothers. The Army issued specifications in late 1907: The general requirements were: that it be designed to be easily assembled and disassembled so that an army wagon could transport it; that it would be able to carry two people with a combined weight of 160 kg (350 lb), and sufficient fuel for 200 km (125 mi); that it would be able to reach a speed of at least 64 kph (40 mph) in still air.",https://airandspace.si.edu/stories/editorial/military-gets-its-wings ; https://airandspace.si.edu/collection-objects/1909-wright-military-flyer/nasm_A19120001000 ,,,Y,"This program directly resulted in the 1909 purchase of the Wright Military Flyer, officially the first airplane owned by the U.S. military.",,Sheet1,Specifications for aeroplanes,nan,"This program directly resulted in the 1909 purchase of the Wright Military Flyer, officially the first airplane owned by the U.S. military.",Committee on Board,Investigating,[],Other/Unclassified,Private,1907,0,0,1,Copy of Subjects Considered 1907-1908.xlsx
BOF.AR.10.1907-1908,Harmonizing compasses,George Leist,,,,,,N,,,Sheet1,Harmonizing compasses,nan,nan,George Leist,Investigating,[],Other/Unclassified,Private,1907,0,0,1,Copy of Subjects Considered 1907-1908.xlsx
BOF.AR.10.1907-1908,Report of test of depression position finders,Artillery Board,,,,,,N,,,Sheet1,Report of test of depression position finders,nan,nan,Artillery Board,Investigating,[],Other/Unclassified,Private,1907,0,0,1,Copy of Subjects Considered 1907-1908.xlsx
BOF.AR.10.1907-1908,Adoption of Lewis position finder as type for service,W. G. Wilson,,The “Lewis” instrument is an artillery range / position finder (a type of depression/position finder used in coastal and artillery fire-control). It’s a vertical-base rangefinding instrument that determines range by measuring the depression angle from a fixed height and reading range from calibrated gearing — part of the same family of instruments (depression position finders / DPFs) used in late-19th / early-20th century coastal defences.,https://play.google.com/store/books/details/Description_of_Lewis_Depression_Position_Finder_Mo?id=ep8tAAAAIAAJ ;  https://en.wikipedia.org/wiki/Depression_range_finder?,,,N,,,Sheet1,Adoption of Lewis position finder as type for service,nan,nan,W. G. Wilson,Investigating,[],Other/Unclassified,Private,1907,0,0,1,Copy of Subjects Considered 1907-1908.xlsx
BOF.AR.10.1907-1908,Allotment for test of range finder,"Bausch, Lomb & Saegmuller Co.",,,,,,N,,,Sheet1,Allotment for test of range finder,nan,nan,"Bausch, Lomb & Saegmuller Co.",Investigating,['Fortification and Engineering'],Fortification and Engineering,Private,1907,0,0,1,Copy of Subjects Considered 1907-1908.xlsx
BOF.AR.10.1907-1908,Allotment for target practice rifle rod,H. R. Hollifield,,,,,,N,,,Sheet1,Allotment for target practice rifle rod,nan,nan,H. R. Hollifield,Investigating,['Small Arms'],Small Arms,Private,1907,0,0,1,Copy of Subjects Considered 1907-1908.xlsx
BOF.AR.10.1907-1908,Revocation of allotment for test of 6-pounder guns and amounts,Chief of Ordnance,,,,,,N,,,Sheet1,Revocation of allotment for test of 6-pounder guns and amounts,nan,nan,Chief of Ordnance,Investigating,[],Other/Unclassified,Government,1907,0,0,1,Copy of Subjects Considered 1907-1908.xlsx
BOF.AR.10.1907-1908,,,,,,,,N,,,Sheet1,nan,nan,nan,nan,Investigating,[],Other/Unclassified,Private,1907,0,0,1,Copy of Subjects Considered 1907-1908.xlsx
BOF.AR.10.1907-1908,"Wire-wound guns, adoption not recommended",Brown Wire Gun Company,,"Wire-wound or wire-wrapped guns are built-up gun barrels (especially in large/calibre/field/coastal artillery) in which one or more core steel tubes (or “A-tubes”) are tightly wound with high-strength steel wire (sometimes several layers). Then a jacket (outer tube) is fitted over the wire winding. The idea is that the wire gives radial compression / pre-stress, which helps the barrel resist the internal gas pressures when firing without requiring excessively massive forged. The construction method was seen as a way to handle higher pressures or reduce weight vs older “hoop” or monobloc or forged-tube methods, especially at a time when steel manufacture / forgings had limits. ",https://en.wikipedia.org/wiki/Glossary_of_British_ordnance_terms?; https://en.wikipedia.org/wiki/Glossary_of_British_ordnance_terms?,"Brown Wire Gun Company was incorporated in Maine in 1903, representing one of several companies attempting to develop alternative artillery construction methods during the period of major coastal artillery modernization following the Spanish-American War. The Brown Wire Gun Company held patents for “segmental-tube wire-wound” guns (at least a 6-inch and a 10-inch version) which were tested under U.S. War Department / Board of Ordnance & Fortification experimental trials.  ", https://scripophily.net/brown-wire-gun-company-maine-1903/; https://scripophily.net/brown-wire-gun-company-maine-1903/?srsltid=AfmBOopoOPhj960TCN8utmxxw9jYUCuGwNbivxUEHDVSAex8lAAE5BnR&,N,,,Sheet1,"Wire-wound guns, adoption not recommended",nan,nan,Brown Wire Gun Company,Investigating,[],Other/Unclassified,Private,1907,0,0,1,Copy of Subjects Considered 1907-1908.xlsx
BOF.AR.10.1907-1908,Report on Vega telephot camera,Chief Signal Officer,,"Military's first assessment of advanced telephoto photography systems manufactured by VEGA Photography and Optics Company, Geneva. This compact telephoto system overcame bulk traditionally associated with long focal length photography, anticipating crucial role of aerial photography in WWI intelligence operations.",https://collectiblend.com/Cameras/Vega/Telephot-Vega.html; https://www.cameramuseum.ch/en/discover/permanent-exhibition/the-plate-era/the-telephot/,,,N,,,Sheet1,Report on Vega telephot camera,nan,nan,Chief Signal Officer,Investigating,[],Other/Unclassified,Private,1907,0,0,1,Copy of Subjects Considered 1907-1908.xlsx
BOF.AR.10.1907-1908,Producing hydrogen gas,Charles Fleeso,,,,,,N,,,Sheet1,Producing hydrogen gas,nan,nan,Charles Fleeso,Investigating,[],Other/Unclassified,Private,1907,0,0,1,Copy of Subjects Considered 1907-1908.xlsx
BOF.AR.10.1907-1908,Fortification,Elias West,,,,,,N,,,Sheet1,Fortification,nan,nan,Elias West,Investigating,['Fortification and Engineering'],Fortification and Engineering,Private,1907,0,0,1,Copy of Subjects Considered 1907-1908.xlsx
BOF.AR.10.1907-1908,Sectional fort,Chester Allison,,,,,,N,,,Sheet1,Sectional fort,nan,nan,Chester Allison,Investigating,['Fortification and Engineering'],Fortification and Engineering,Private,1907,0,0,1,Copy of Subjects Considered 1907-1908.xlsx
BOF.AR.10.1907-1908,Operating number of small arms,Giuseppe Wulz,,,,,,N,,,Sheet1,Operating number of small arms,nan,nan,Giuseppe Wulz,Investigating,[],Other/Unclassified,Private,1907,0,0,1,Copy of Subjects Considered 1907-1908.xlsx
BOF.AR.10.1907-1908,Request for adoption of subtarget gun machine,R. G. Wilson,,,,,,N,,,Sheet1,Request for adoption of subtarget gun machine,nan,nan,R. G. Wilson,Investigating,['Artillery'],Artillery,Private,1907,0,0,1,Copy of Subjects Considered 1907-1908.xlsx
BOF.AR.10.1907-1908,Sighting arms at night,G. G. Weiterhausen,,,,,,N,,,Sheet1,Sighting arms at night,nan,nan,G. G. Weiterhausen,Investigating,[],Other/Unclassified,Private,1907,0,0,1,Copy of Subjects Considered 1907-1908.xlsx
BOF.AR.10.1907-1908,Aerial navigation,Wilbur Wright,,"Wilbur Wright's proposal led directly to Signal Corps Specification No. 486, the world's first military aircraft specification. Wright's systematic engineering approach included revolutionary three-axis control system, wind tunnel testing methodology, and first practical powered aircraft design for military applications.",https://www.britannica.com/biography/Wright-brothers/Powered-sustained-flight; https://www.wright-brothers.org/History_Wing/Wright_Story/Showing_the_World/Back_in_Air/Signal_Corps_Spec.htm,Wilbur Wright (1867-1912) transformed from bicycle manufacturer to world's first military aviation contractor. His systematic engineering approach established precedent for military-civilian technology partnerships and created template for military aircraft development.,https://www.britannica.com/biography/Wright-brothers/Powered-sustained-flight; https://en.wikipedia.org/wiki/Wright_brothers; https://www.loc.gov/collections/wilbur-and-orville-wright-papers/articles-and-essays/the-wilbur-and-orville-wright-timeline-1846-to-1948/1901-to-1910/,Y,Direct involvement of Wright brothers in establishing military aviation; first military aircraft contract and specifications,,Sheet1,Aerial navigation,nan,Direct involvement of Wright brothers in establishing military aviation; first military aircraft contract and specifications,Wilbur Wright,Investigating,[],Other/Unclassified,Private,1907,0,0,1,Copy of Subjects Considered 1907-1908.xlsx
BOF.AR.10.1907-1908,Allotment for test of means of preventing erosion,Chief of Artillery,,,,,,N,,,Sheet1,Allotment for test of means of preventing erosion,nan,nan,Chief of Artillery,Investigating,[],Other/Unclassified,Private,1907,0,0,1,Copy of Subjects Considered 1907-1908.xlsx
BOF.AR.10.1907-1908,"Allotment for developing photographic method of determining ""overs"" and ""shorts""",Artillery Board,,"This involved developing photographic techniques to observe where artillery shells landed relative to targets, crucial for improving accuracy and training. ""Overs"" and ""shorts"" refer to shots landing beyond or before the target.",https://unwritten-record.blogs.archives.gov/2017/03/16/shooting-world-war-i-the-history-of-the-army-signal-corps-cameramen-1917-1918/; https://airandspace.si.edu/stories/editorial/military-gets-its-wings,"The Artillery Board was developing camera systems and techniques to photographically record shell impacts, allowing for better analysis of firing patterns and accuracy improvements. During 1907-1908, the Board was modernizing coastal artillery following Spanish-American War lessons and preparing for potential major power conflicts.",https://en.wikipedia.org/wiki/Seacoast_defense_in_the_United_States; https://libguides.wooster.edu/c.php?g=124060&p=7543242,Y,First practical military application of photography for artillery fire control; established foundation for WWI artillery spotting techniques,,Sheet1,"Allotment for developing photographic method of determining ""overs"" and ""shorts""",nan,First practical military application of photography for artillery fire control; established foundation for WWI artillery spotting techniques,Artillery Board,Investigating,[],Other/Unclassified,Private,1907,0,0,1,Copy of Subjects Considered 1907-1908.xlsx
BOF.AR.10.1907-1908,Photometric tests of searchlights,Maj. E. T. Wilson,,"Scientific measurement of searchlight illumination intensity, beam focus, and effective range using photometric instruments. Tests measured candlepower output, beam concentration, and detection capabilities at various distances. Carbon arc searchlights of this period generated up to 6 million candlepower with 5-8 kilometer effective ranges for coastal defense and anti-aircraft applications.",https://fi.edu/en/science-and-education/collection/case-files/elmer-sperry-electric-searchlight; https://en.wikipedia.org/wiki/Searchlight; https://www.victorysearchlights.com/victory2.html,,,N,,,Sheet1,Photometric tests of searchlights,nan,nan,Maj. E. T. Wilson,Investigating,[],Other/Unclassified,Private,1907,0,0,1,Copy of Subjects Considered 1907-1908.xlsx
BOF.AR.10.1907-1908,Specifications for aeroplane flying machines,Chief Signal Officer,,"This represents one of the U.S. Army's earliest formal attempts to acquire military aircraft. In 1907-1908, the Signal Corps was responsible for military aviation, and this period marked the beginning of military aviation in America, just a few years after the Wright Brothers' first flight in 1903.","https://en.wikipedia.org/wiki/Aeronautical_Division,_U.S._Signal_Corps; https://www.nga.mil/defining-moments/Aeronautical_Division_US_Army_Signal_Corps.html",,,N,,,Sheet1,Specifications for aeroplane flying machines,nan,nan,Chief Signal Officer,Investigating,[],Other/Unclassified,Private,1907,0,0,1,Copy of Subjects Considered 1907-1908.xlsx
BOF.AR.10.1907-1908,Gun construction,Col. M. A. Adams,,,,,,N,,,Sheet1,Gun construction,nan,nan,Col. M. A. Adams,Investigating,['Artillery'],Artillery,Private,1907,0,0,1,Copy of Subjects Considered 1907-1908.xlsx
BOF.AR.10.1907-1908,Report of drift of mortar projectiles,Chief of Artillery,,,,,,N,,,Sheet1,Report of drift of mortar projectiles,nan,nan,Chief of Artillery,Investigating,[],Other/Unclassified,Private,1907,0,0,1,Copy of Subjects Considered 1907-1908.xlsx
BOF.AR.10.1907-1908,Self-registering target,T. F. Oetjen,,"Automated target system that recorded projectile hits without human observation, using mechanical or electrical mechanisms to detect and register impacts. The system provided immediate feedback on shooting accuracy and maintained permanent records for training analysis. Early versions used paper targets with mechanical scoring devices activated by projectile impact.", https://libguides.wooster.edu/c.php?g=124060&p=7543242,,,N,,,Sheet1,Self-registering target,nan,nan,T. F. Oetjen,Investigating,[],Other/Unclassified,Private,1907,0,0,1,Copy of Subjects Considered 1907-1908.xlsx
BOF.AR.10.1907-1908,Cartridge with combustible case,F. S. Rogers,,"Artillery ammunition using combustible cartridge cases that completely burned during firing, eliminating need for case extraction and reducing crew exposure time. The combustible case was made from treated paper, cloth, or other organic materials that provided structural integrity during loading but completely consumed during ignition, leaving no residue in the gun chamber.", https://chestofbooks.com/reference/Wonder-Book-Of-Knowledge/Built-Up-And-Wire-Wound-Guns.html,,,N,,,Sheet1,Cartridge with combustible case,nan,nan,F. S. Rogers,Investigating,[],Other/Unclassified,Private,1907,0,0,1,Copy of Subjects Considered 1907-1908.xlsx
BOF.AR.10.1907-1908,Shell-less cartridge,"A. J. O'Brien, attorney for Ed. Dettelbach",,,,,,N,,,Sheet1,Shell-less cartridge,nan,nan,"A. J. O'Brien, attorney for Ed. Dettelbach",Investigating,['Explosives'],Explosives,Private,1907,0,0,1,Copy of Subjects Considered 1907-1908.xlsx
BOF.AR.10.1907-1908,Operating submarine mines,J. E. Johnson,,,,,,N,,,Sheet1,Operating submarine mines,nan,nan,J. E. Johnson,Investigating,[],Other/Unclassified,Private,1907,0,0,1,Copy of Subjects Considered 1907-1908.xlsx
BOF.AR.10.1907-1908,Dirigible balloon,"E. W. Crocoy, attorney for J. M. Miller",,"Dirigible balloons (airships) were seen as promising military technology in 1907-1908, potentially offering better control and payload capacity than early airplanes. The Army was exploring both heavier-than-air and lighter-than-air options.",,,,N,,,Sheet1,Dirigible balloon,nan,nan,"E. W. Crocoy, attorney for J. M. Miller",Investigating,[],Other/Unclassified,Private,1907,0,0,1,Copy of Subjects Considered 1907-1908.xlsx
BOF.AR.10.1907-1908,Allotments for aeroplane flying machines,"J. F. Scott, A. M. Herring",,,,,,N,,,Sheet1,Allotments for aeroplane flying machines,nan,nan,"J. F. Scott, A. M. Herring",Investigating,[],Other/Unclassified,Private,1907,0,0,1,Copy of Subjects Considered 1907-1908.xlsx
BOF.AR.10.1907-1908,Revocation of allotment for Nikoloff telemeter,Chief of Ordnance,,,,,,N,,,Sheet1,Revocation of allotment for Nikoloff telemeter,nan,nan,Chief of Ordnance,Investigating,[],Other/Unclassified,Government,1907,0,0,1,Copy of Subjects Considered 1907-1908.xlsx
BOF.AR.10.1907-1908,Allotment for inspection of subtarget-gun machines,Do.,,,,,,N,,,Sheet1,Allotment for inspection of subtarget-gun machines,nan,nan,Do.,Investigating,['Artillery'],Artillery,Private,1907,0,0,1,Copy of Subjects Considered 1907-1908.xlsx
BOF.AR.10.1907-1908,Gun-sling catch,Lieut. Leighton Powell,,"Mechanical device for securing artillery pieces during transport and storage, preventing accidental movement and providing safe handling procedures. The sling catch system enabled secure lifting and positioning of heavy artillery using cranes and transport equipment while ensuring crew safety during emplacement operations.", https://libguides.wooster.edu/c.php?g=124060&p=7543242,,,N,,,Sheet1,Gun-sling catch,nan,nan,Lieut. Leighton Powell,Investigating,['Artillery'],Artillery,Private,1907,0,0,1,Copy of Subjects Considered 1907-1908.xlsx
BOF.AR.10.1907-1908,Experiments discontinued with antipathies for azimuth instruments,Chief of Artillery,,,,,,N,,,Sheet1,Experiments discontinued with antipathies for azimuth instruments,nan,nan,Chief of Artillery,Investigating,[],Other/Unclassified,Private,1907,0,0,1,Copy of Subjects Considered 1907-1908.xlsx
BOF.AR.10.1907-1908,Report of test of range finder presented by H. L. Rogers,Chief of Ordnance,,,,,,N,,,Sheet1,Report of test of range finder presented by H. L. Rogers,nan,nan,Chief of Ordnance,Investigating,['Fortification and Engineering'],Fortification and Engineering,Government,1907,0,0,1,Copy of Subjects Considered 1907-1908.xlsx
BOF.AR.10.1907-1908,Report on Gottlieb experiments with searchlights,Maj. Edward Burr,,,,,,N,,,Sheet1,Report on Gottlieb experiments with searchlights,nan,nan,Maj. Edward Burr,Investigating,[],Other/Unclassified,Private,1907,0,0,1,Copy of Subjects Considered 1907-1908.xlsx
BOF.AR.10.1907-1908,Means of conducting warfare,A. H. Watts,,,,,,N,,,Sheet1,Means of conducting warfare,nan,nan,A. H. Watts,Investigating,[],Other/Unclassified,Private,1907,0,0,1,Copy of Subjects Considered 1907-1908.xlsx
BOF.AR.10.1907-1908,Harbor defense,E. C. Howell,,,,,,N,,,Sheet1,Harbor defense,nan,nan,E. C. Howell,Investigating,[],Other/Unclassified,Private,1907,0,0,1,Copy of Subjects Considered 1907-1908.xlsx
BOF.AR.10.1907-1908,Use,Hon. M. E. Driscoll for Joseph H. Walsh,,,,,,N,,,Sheet1,Use,nan,nan,Hon. M. E. Driscoll for Joseph H. Walsh,Investigating,[],Other/Unclassified,Private,1907,0,0,1,Copy of Subjects Considered 1907-1908.xlsx
BOF.AR.10.1907-1908,Smoothbore cannon,William F. Burr,,,,,,N,,,Sheet1,Smoothbore cannon,nan,nan,William F. Burr,Investigating,['Artillery'],Artillery,Private,1907,0,0,1,Copy of Subjects Considered 1907-1908.xlsx
BOF.AR.10.1907-1908,Projectile,George G. Williams,,,,,,N,,,Sheet1,Projectile,nan,nan,George G. Williams,Investigating,[],Other/Unclassified,Private,1907,0,0,1,Copy of Subjects Considered 1907-1908.xlsx
BOF.AR.10.1907-1908,"Fan for protecting forts, a magnetic torpedo, and projectile charged with noxious gas",James H. Park,,"Multi-component defensive system combining ventilation protection against chemical attack, magnetic torpedo defense, and chemical warfare projectiles. The fan system provided air circulation and filtration for fortified positions, while the magnetic torpedo represented early automated defense concepts, and noxious gas projectiles anticipated chemical warfare developments.",https://en.wikipedia.org/wiki/Seacoast_defense_in_the_United_States; https://www.encyclopedia.com/social-sciences-and-law/political-science-and-government/naval-and-nautical-affairs/torpedo-weapon,"James H. Park's biographical details remain in physical archives, but his comprehensive defensive system demonstrated advanced thinking about integrated fortress protection against multiple threat types including chemical and naval attacks.",https://libguides.wooster.edu/c.php?g=124060&p=7543242,Y, Early integrated defense system anticipating chemical warfare and automated defenses; demonstrated comprehensive threat assessment,,Sheet1,"Fan for protecting forts, a magnetic torpedo, and projectile charged with noxious gas",nan,Early integrated defense system anticipating chemical warfare and automated defenses; demonstrated comprehensive threat assessment,James H. Park,Investigating,['Explosives'],Explosives,Private,1907,0,0,1,Copy of Subjects Considered 1907-1908.xlsx
BOF.AR.10.1907-1908,Safety arm racks,Sergt. H. Lissenburg,,,,,,N,,,Sheet1,Safety arm racks,nan,nan,Sergt. H. Lissenburg,Investigating,[],Other/Unclassified,Private,1907,0,0,1,Copy of Subjects Considered 1907-1908.xlsx
BOF.AR.10.1907-1908,Projectile for loading practice,Albert T. Otto for F. A. Guye,,,,,,N,,,Sheet1,Projectile for loading practice,nan,nan,Albert T. Otto for F. A. Guye,Investigating,[],Other/Unclassified,Private,1907,0,0,1,Copy of Subjects Considered 1907-1908.xlsx
BOF.AR.10.1907-1908,Jet,Hon. Knute Nelson for R. G. Johnson,,,,,,N,,,Sheet1,Jet,nan,nan,Hon. Knute Nelson for R. G. Johnson,Investigating,[],Other/Unclassified,Private,1907,0,0,1,Copy of Subjects Considered 1907-1908.xlsx
BOF.AR.10.1907-1908,Armored turret,E. L. Munson,,,,,,N,,,Sheet1,Armored turret,nan,nan,E. L. Munson,Investigating,[],Other/Unclassified,Private,1907,0,0,1,Copy of Subjects Considered 1907-1908.xlsx
BOF.AR.10.1907-1908,Competitive test of horizontal base range finders,Chief of Artillery,,,,,,N,,,Sheet1,Competitive test of horizontal base range finders,nan,nan,Chief of Artillery,Investigating,[],Other/Unclassified,Private,1907,0,0,1,Copy of Subjects Considered 1907-1908.xlsx
BOF.AR.10.1907-1908,Sighting axle,W. J. Greening,,,,,,N,,,Sheet1,Sighting axle,nan,nan,W. J. Greening,Investigating,[],Other/Unclassified,Private,1907,0,0,1,Copy of Subjects Considered 1907-1908.xlsx
BOF.AR.10.1907-1908,Projectile,M. V. B. Grush,,,,,,N,,,Sheet1,Projectile,nan,nan,M. V. B. Grush,Investigating,[],Other/Unclassified,Private,1907,0,0,1,Copy of Subjects Considered 1907-1908.xlsx
BOF.AR.10.1907-1908,Projectile for use against balloons,Anton Englerth,,Specialized anti-aircraft ammunition designed to destroy observation balloons and early dirigibles. The projectile likely featured incendiary or explosive components optimized for penetrating balloon envelopes and igniting hydrogen gas. This represented early anti-aircraft warfare development as military aviation and balloon reconnaissance became tactical realities.,https://www.theworldwar.org/learn/about-wwi/balloons-and-dirigibles-wwi; https://en.wikipedia.org/wiki/Aviation_in_World_War_I,,,N,,,Sheet1,Projectile for use against balloons,nan,nan,Anton Englerth,Investigating,[],Other/Unclassified,Private,1907,0,0,1,Copy of Subjects Considered 1907-1908.xlsx
BOF.AR.10.1907-1908,Secondary shell,E. Gardner,,,,,,N,,,Sheet1,Secondary shell,nan,nan,E. Gardner,Investigating,['Explosives'],Explosives,Private,1907,0,0,1,Copy of Subjects Considered 1907-1908.xlsx
BOF.AR.10.1907-1908,Swivel-head cleaning rod,E. W. O. Kauffman,,,,,,N,,,Sheet1,Swivel-head cleaning rod,nan,nan,E. W. O. Kauffman,Investigating,[],Other/Unclassified,Private,1907,0,0,1,Copy of Subjects Considered 1907-1908.xlsx
BOF.AR.10.1907-1908,Lyneo for throwing heat,Benjamin I. Moore,,,,,,N,,,Sheet1,Lyneo for throwing heat,nan,nan,Benjamin I. Moore,Investigating,[],Other/Unclassified,Private,1907,0,0,1,Copy of Subjects Considered 1907-1908.xlsx
BOF.AR.10.1907-1908,Gun rest,Joseph Jermok,,,,,,N,,,Sheet1,Gun rest,nan,nan,Joseph Jermok,Investigating,['Artillery'],Artillery,Private,1907,0,0,1,Copy of Subjects Considered 1907-1908.xlsx
BOF.AR.10.1907-1908,Submarine telescope,John O. Watts,,,,,,N,,,Sheet1,Submarine telescope,nan,nan,John O. Watts,Investigating,[],Other/Unclassified,Private,1907,0,0,1,Copy of Subjects Considered 1907-1908.xlsx
BOF.AR.10.1907-1908,Adjusting shield,H. Udolman,,,,,,N,,,Sheet1,Adjusting shield,nan,nan,H. Udolman,Investigating,['Armor and Protection'],Armor and Protection,Private,1907,0,0,1,Copy of Subjects Considered 1907-1908.xlsx
BOF.AR.10.1907-1908,Horizontal base range finder,F. Johlon,,,,,,N,,,Sheet1,Horizontal base range finder,nan,nan,F. Johlon,Investigating,['Fortification and Engineering'],Fortification and Engineering,Private,1907,0,0,1,Copy of Subjects Considered 1907-1908.xlsx
BOF.AR.10.1907-1908,In feed and control mechanism for searchlights,William O. Webber,,,,,,N,,,Sheet1,In feed and control mechanism for searchlights,nan,nan,William O. Webber,Investigating,[],Other/Unclassified,Private,1907,0,0,1,Copy of Subjects Considered 1907-1908.xlsx
BOF.AR.10.1907-1908,Harbor defense,"Chas. W. McCandless, attorney for Salu Santastrum",,,,,,N,,,Sheet1,Harbor defense,nan,nan,"Chas. W. McCandless, attorney for Salu Santastrum",Investigating,[],Other/Unclassified,Private,1907,0,0,1,Copy of Subjects Considered 1907-1908.xlsx
BOF.AR.10.1907-1908,Construction of fortifications,Thomas O. Harris,,,,,,N,,,Sheet1,Construction of fortifications,nan,nan,Thomas O. Harris,Investigating,[],Other/Unclassified,Private,1907,0,0,1,Copy of Subjects Considered 1907-1908.xlsx
BOF.AR.10.1907-1908,Dirigible torpedo,James Seddon,,"Advanced underwater weapon system combining torpedo propulsion with dirigible-like guidance capabilities, potentially using gas-filled chambers for buoyancy control and steerable guidance systems. This revolutionary concept merged aerial navigation principles with underwater warfare, representing early attempts at autonomous underwater vehicles with sophisticated guidance systems.",https://www.encyclopedia.com/social-sciences-and-law/political-science-and-government/naval-and-nautical-affairs/torpedo-weapon,,,N,,,Sheet1,Dirigible torpedo,nan,nan,James Seddon,Investigating,['Explosives'],Explosives,Private,1907,0,0,1,Copy of Subjects Considered 1907-1908.xlsx
BOF.AR.10.1907-1908,Operating submarine mines,Joe Cushing,,,,,,N,,,Sheet1,Operating submarine mines,nan,nan,Joe Cushing,Investigating,[],Other/Unclassified,Private,1907,0,0,1,Copy of Subjects Considered 1907-1908.xlsx
BOF.AR.10.1907-1908,Submarine signal device,Henry L. Lambotte,,"Underwater communication system using acoustic or electrical signals for submarine-to-surface or submarine-to-submarine communication. The device likely employed underwater bells, horns, or early hydrophone technology to transmit coded signals through water, addressing critical submarine communication challenges during early submarine warfare development.",https://www.encyclopedia.com/social-sciences-and-law/political-science-and-government/naval-and-nautical-affairs/torpedo-weapon,,,N,,,Sheet1,Submarine signal device,nan,nan,Henry L. Lambotte,Investigating,['Communications and Observation'],Communications and Observation,Private,1907,0,0,1,Copy of Subjects Considered 1907-1908.xlsx
BOF.AR.10.1907-1908,Allotment for dirigible torpedoes,George F. Cole,,,,,,N,,,Sheet1,Allotment for dirigible torpedoes,nan,nan,George F. Cole,Investigating,[],Other/Unclassified,Private,1907,0,0,1,Copy of Subjects Considered 1907-1908.xlsx
BOF.AR.10.1907-1908,Portable tower,A. S. Olney,,"Mobile observation and communication platform for military operations, likely featuring telescoping or collapsible construction for rapid deployment. The tower provided elevated vantage points for artillery spotting, signal communication, and battlefield observation while maintaining portability for advancing forces or temporary installations",https://en.wikipedia.org/wiki/Seacoast_defense_in_the_United_States,,,N,,,Sheet1,Portable tower,nan,nan,A. S. Olney,Investigating,[],Other/Unclassified,Private,1907,0,0,1,Copy of Subjects Considered 1907-1908.xlsx
BOF.AR.10.1907-1908,Revocation of allotment for insulating compounds,Chief Signal Officer,,,,,,N,,,Sheet1,Revocation of allotment for insulating compounds,nan,nan,Chief Signal Officer,Investigating,[],Other/Unclassified,Private,1907,0,0,1,Copy of Subjects Considered 1907-1908.xlsx
BOF.AR.10.1907-1908,Additional allotment for test of means of preventing erosion,J. H. Brown,,,,,,N,,,Sheet1,Additional allotment for test of means of preventing erosion,nan,nan,J. H. Brown,Investigating,[],Other/Unclassified,Private,1907,0,0,1,Copy of Subjects Considered 1907-1908.xlsx
BOF.AR.10.1907-1908,Compound projectile or shrapnel,M. Y. B. Grush,,,,,,N,,,Sheet1,Compound projectile or shrapnel,nan,nan,M. Y. B. Grush,Investigating,[],Other/Unclassified,Private,1907,0,0,1,Copy of Subjects Considered 1907-1908.xlsx
BOF.AR.10.1907-1908,Rolling gasoline motor,Karl Millschaeir,,,,,,N,,,Sheet1,Rolling gasoline motor,nan,nan,Karl Millschaeir,Investigating,[],Other/Unclassified,Private,1907,0,0,1,Copy of Subjects Considered 1907-1908.xlsx
BOF.AR.10.1907-1908,Vehicle gear,G. E. Phillips,,,,,,N,,,Sheet1,Vehicle gear,nan,nan,G. E. Phillips,Investigating,[],Other/Unclassified,Private,1907,0,0,1,Copy of Subjects Considered 1907-1908.xlsx
BOF.AR.10.1907-1908,Smokeless and smokeless gun,Abraham Zilberraher,,,,,,N,,,Sheet1,Smokeless and smokeless gun,nan,nan,Abraham Zilberraher,Investigating,['Artillery'],Artillery,Private,1907,0,0,1,Copy of Subjects Considered 1907-1908.xlsx
BOF.AR.10.1907-1908,Engine of war,Manuel Negron,,,,,,N,,,Sheet1,Engine of war,nan,nan,Manuel Negron,Investigating,[],Other/Unclassified,Private,1907,0,0,1,Copy of Subjects Considered 1907-1908.xlsx
BOF.AR.10.1907-1908,Nitroglycerin shell,George W. Jackson,,,,,,N,,,Sheet1,Nitroglycerin shell,nan,nan,George W. Jackson,Investigating,['Explosives'],Explosives,Private,1907,0,0,1,Copy of Subjects Considered 1907-1908.xlsx
BOF.AR.10.1907-1908,Harbor defense,J. M. T. Lawrence,,,,,,N,,,Sheet1,Harbor defense,nan,nan,J. M. T. Lawrence,Investigating,[],Other/Unclassified,Private,1907,0,0,1,Copy of Subjects Considered 1907-1908.xlsx
BOF.AR.10.1907-1908,Submarine mine,Robert E. Kilpatrick,,,,,,N,,,Sheet1,Submarine mine,nan,nan,Robert E. Kilpatrick,Investigating,['Explosives'],Explosives,Private,1907,0,0,1,Copy of Subjects Considered 1907-1908.xlsx
BOF.AR.10.1907-1908,Latest against acceptance of report of test of depression position finders,Warner & Swasey Co.,,,,,,N,,,Sheet1,Latest against acceptance of report of test of depression position finders,nan,nan,Warner & Swasey Co.,Investigating,[],Other/Unclassified,Private,1907,0,0,1,Copy of Subjects Considered 1907-1908.xlsx
BOF.AR.10.1907-1908,Infringement of Subtarget Gun Co. patents,"Emery & Booth, attorneys",,,,,,N,,,Sheet1,Infringement of Subtarget Gun Co. patents,nan,nan,"Emery & Booth, attorneys",Investigating,['Artillery'],Artillery,Private,1907,0,0,1,Copy of Subjects Considered 1907-1908.xlsx
BOF.AR.10.1907-1908,Semi-dropping device,Frederick Homolyn,,,,,,N,,,Sheet1,Semi-dropping device,nan,nan,Frederick Homolyn,Investigating,[],Other/Unclassified,Private,1907,0,0,1,Copy of Subjects Considered 1907-1908.xlsx
BOF.AR.10.1907-1908,Compelling band of rubber,John W. Millaway,,,,,,N,,,Sheet1,Compelling band of rubber,nan,nan,John W. Millaway,Investigating,[],Other/Unclassified,Private,1907,0,0,1,Copy of Subjects Considered 1907-1908.xlsx
BOF.AR.10.1907-1908,Carrying device,W. H. Rea,,,,,,N,,,Sheet1,Carrying device,nan,nan,W. H. Rea,Investigating,[],Other/Unclassified,Private,1907,0,0,1,Copy of Subjects Considered 1907-1908.xlsx
BOF.AR.10.1907-1908,Multiple-barrel firearm,George W. Kennedy,,,,,,N,,,Sheet1,Multiple-barrel firearm,nan,nan,George W. Kennedy,Investigating,[],Other/Unclassified,Private,1907,0,0,1,Copy of Subjects Considered 1907-1908.xlsx
BOF.AR.10.1907-1908,Aura attachment for arm racks,Sergt. H. Lissenburg,,,,,,N,,,Sheet1,Aura attachment for arm racks,nan,nan,Sergt. H. Lissenburg,Investigating,[],Other/Unclassified,Private,1907,0,0,1,Copy of Subjects Considered 1907-1908.xlsx
BOF.AR.10.1907-1908,Respective range finder,Do.,,,,,,N,,,Sheet1,Respective range finder,nan,nan,Do.,Investigating,['Fortification and Engineering'],Fortification and Engineering,Private,1907,0,0,1,Copy of Subjects Considered 1907-1908.xlsx
BOF.AR.10.1907-1908,Eject fuse,Samuel Barfiel,,,,,,N,,,Sheet1,Eject fuse,nan,nan,Samuel Barfiel,Investigating,['Explosives'],Explosives,Private,1907,0,0,1,Copy of Subjects Considered 1907-1908.xlsx
BOF.AR.10.1907-1908,Compound to prevent deafness,The Dulberger Co.,,,,,,N,,,Sheet1,Compound to prevent deafness,nan,nan,The Dulberger Co.,Investigating,[],Other/Unclassified,Private,1907,0,0,1,Copy of Subjects Considered 1907-1908.xlsx
BOF.AR.10.1907-1908,Dirigible torpedo,James Seddon,,,,,,N,,,Sheet1,Dirigible torpedo,nan,nan,James Seddon,Investigating,['Explosives'],Explosives,Private,1907,0,0,1,Copy of Subjects Considered 1907-1908.xlsx
BOF.AR.10.1907-1908,Request for new test of depression position finders,Warner & Swasey Co.,,"Warner & Swasey Co. requested additional evaluation of their depression position finder technology, likely due to improved designs or competitive concerns with the Lewis system. Depression position finders used geometric triangulation to determine precise range measurements for artillery fire control, with Warner & Swasey being a leading manufacturer of precision optical instruments.",https://en.wikipedia.org/wiki/Depression_range_finder,"Warner & Swasey Co. was a major manufacturer of precision optical instruments, telescopes, and surveying equipment, competing with other companies for military fire control contracts during the coastal artillery modernization period.",https://en.wikipedia.org/wiki/Warner_%26_Swasey_Company,N,,,Sheet1,Request for new test of depression position finders,nan,nan,Warner & Swasey Co.,Investigating,[],Other/Unclassified,Private,1907,0,0,1,Copy of Subjects Considered 1907-1908.xlsx
BOF.AR.10.1907-1908,Adoption of type range finder,W. G. Wilson,,,,,,N,,,Sheet1,Adoption of type range finder,nan,nan,W. G. Wilson,Investigating,['Fortification and Engineering'],Fortification and Engineering,Private,1907,0,0,1,Copy of Subjects Considered 1907-1908.xlsx
BOF.AR.10.1907-1908,Additional allotment for material target,Chief of Artillery,,,,,,N,,,Sheet1,Additional allotment for material target,nan,nan,Chief of Artillery,Investigating,[],Other/Unclassified,Private,1907,0,0,1,Copy of Subjects Considered 1907-1908.xlsx
BOF.AR.10.1907-1908,Revocation of unexpended balance of allotment,Chief of Ordnance,,,,,,N,,,Sheet1,Revocation of unexpended balance of allotment,nan,nan,Chief of Ordnance,Investigating,[],Other/Unclassified,Government,1907,0,0,1,Copy of Subjects Considered 1907-1908.xlsx
BOF.AR.10.1907-1908,Do.,Chief Signal Officer,,,,,,N,,,Sheet1,Do.,nan,nan,Chief Signal Officer,Investigating,[],Other/Unclassified,Private,1907,0,0,1,Copy of Subjects Considered 1907-1908.xlsx
BOF.AR.10.1907-1908,Test of self-contained horizontal base range finders,Chief of Artillery,,,,,,N,,,Sheet1,Test of self-contained horizontal base range finders,nan,nan,Chief of Artillery,Investigating,[],Other/Unclassified,Private,1907,0,0,1,Copy of Subjects Considered 1907-1908.xlsx
BOF.AR.10.1907-1908,Test of automatic gun,V. P. De Knight Gun Co.,,,,,,N,,,Sheet1,Test of automatic gun,nan,nan,V. P. De Knight Gun Co.,Investigating,['Artillery'],Artillery,Private,1907,0,0,1,Copy of Subjects Considered 1907-1908.xlsx
BOF.AR.10.1907-1908,Mounting balloon guns on railroad cars,Earl Spinney,,"Mobile anti-aircraft system mounting specialized guns on railway platforms for rapid deployment against observation balloons and early aircraft. The railroad mounting provided strategic mobility, allowing anti-aircraft coverage to be rapidly repositioned along rail networks to defend critical areas against aerial reconnaissance.",https://www.theworldwar.org/learn/about-wwi/balloons-and-dirigibles-wwi ; https://en.wikipedia.org/wiki/Aviation_in_World_War_I ,,,N,,,Sheet1,Mounting balloon guns on railroad cars,nan,nan,Earl Spinney,Investigating,[],Other/Unclassified,Private,1907,0,0,1,Copy of Subjects Considered 1907-1908.xlsx
BOF.AR.10.1907-1908,Incendiary shell,F. Gardner,,,,,,N,,,Sheet1,Incendiary shell,nan,nan,F. Gardner,Investigating,['Explosives'],Explosives,Private,1907,0,0,1,Copy of Subjects Considered 1907-1908.xlsx
BOF.AR.10.1907-1908,Projectiles,D. F. Dunkle,,,,,,N,,,Sheet1,Projectiles,nan,nan,D. F. Dunkle,Investigating,[],Other/Unclassified,Private,1907,0,0,1,Copy of Subjects Considered 1907-1908.xlsx
BOF.AR.10.1907-1908,Rotary excavator,T. Patrick,,,,,,N,,,Sheet1,Rotary excavator,nan,nan,T. Patrick,Investigating,[],Other/Unclassified,Private,1907,0,0,1,Copy of Subjects Considered 1907-1908.xlsx
BOF.AR.10.1907-1908,Combination vehicle,S. N. Polishook,,,,,,N,,,Sheet1,Combination vehicle,nan,nan,S. N. Polishook,Investigating,[],Other/Unclassified,Private,1907,0,0,1,Copy of Subjects Considered 1907-1908.xlsx
BOF.AR.10.1907-1908,Tests of explosives,E. Charbonneaux,,,,,,N,,,Sheet1,Tests of explosives,nan,nan,E. Charbonneaux,Investigating,[],Other/Unclassified,Private,1907,0,0,1,Copy of Subjects Considered 1907-1908.xlsx
BOF.AR.10.1907-1908,Device to prevention drooping of muzzles of guns,Albion S. Howe,,,,,,N,,,Sheet1,Device to prevention drooping of muzzles of guns,nan,nan,Albion S. Howe,Investigating,[],Other/Unclassified,Private,1907,0,0,1,Copy of Subjects Considered 1907-1908.xlsx
BOF.AR.10.1907-1908,Controlling and operating torpedoes,Charles N. Leonard,,"Advanced torpedo guidance and control system enabling remote operation or autonomous guidance of underwater weapons. The system likely incorporated wireless control technology, gyroscopic guidance, or mechanical programming to direct torpedo course and detonation, representing cutting-edge underwater weapon automation.",https://www.encyclopedia.com/social-sciences-and-law/political-science-and-government/naval-and-nautical-affairs/torpedo-weapon,,,N,,,Sheet1,Controlling and operating torpedoes,nan,nan,Charles N. Leonard,Investigating,[],Other/Unclassified,Private,1907,0,0,1,Copy of Subjects Considered 1907-1908.xlsx
BOF.AR.10.1907-1908,Steam traction engine,M. Rumley Co.,,"Steam-powered vehicle for heavy artillery transport and positioning, providing mechanical power for moving large coastal defense guns and equipment. The traction engine offered superior pulling power compared to horses and enabled transport of extremely heavy artillery pieces across difficult terrain during fort construction and gun emplacement.",https://en.wikipedia.org/wiki/Seacoast_defense_in_the_United_States,"Meinrad Rumely was a German immigrant who founded a blacksmith and foundry business in La Porte, Indiana (mid-19th century). The company evolved over time, producing threshing machines, stationary steam engines, portable engines, and eventually steam traction engines beginning around 1895.  Later, through acquisitions and reorganizations, the firm became Advance-Rumely (1915 onward) and added internal combustion tractors (e.g., OilPull line) along with continuing their steam traction line for some time",https://2014-stuhr-steam-engines.blogspot.com/2014/07/1919-advance-rumely-20-hp-universal.html,Y,Allowed movement of very heavy guns and supplies where horses couldn’t manage,,Sheet1,Steam traction engine,nan,Allowed movement of very heavy guns and supplies where horses couldn’t manage,M. Rumley Co.,Investigating,[],Other/Unclassified,Private,1907,0,0,1,Copy of Subjects Considered 1907-1908.xlsx
